話せる島,カーツ,カーツヘルム,カーツアーマー,カーツグローブ,カーツブーツ,反逆者の盾,武器強化スクロール,祝福された武器強化スクロール,防具強化スクロール,祝福された防具強化スクロール,魔力を失ったカーツソード,ピュアエリクサー,ハルパスの執念,アデナ,キャンセレーション,力を失ったカーツソード,力を失った反逆者の盾,力を失った指揮官のヘルム,力を失ったカーツヘルム,力を失ったカーツアーマー,力を失ったカーツグローブ,力を失ったカーツブーツ,,,,,,,,,,,,,
話せる島,アルフィア,シルバークロウ,祝福されたシルバークロウ,知識のリング,祝福された知識のリング,武器強化スクロール,祝福された武器強化スクロール,防具強化スクロール,祝福された防具強化スクロール,マーブルの遺産,ピュアエリクサー,ハルパスの執念,アデナ,エリアサイレンス,イミューントゥハーム,フォグオブスリーピング,アドバンスドスピリッツ,力を失った知識のリング,,,,,,,,,,,,,,,,,
話せる島,ウェアウルフ,モーニングスター,スケイルメイル,マーブルの遺産,ハルパスの執念,アデナ,,,,,,,,,,,,,,,,,,,,,,,,,,,,,
話せる島,ライカンスロープ,チェーンメイル,グリーンポーション,修練者の武器強化スクロール,武器強化スクロール,マーブルの遺産,ハルパスの執念,アデナ,,,,,,,,,,,,,,,,,,,,,,,,,,,
話せる島,ノームアーチャー,ハンターボウ,魔法のヘルム治癒,エルヴンワッフル,修練者の防具強化スクロール,ランプメタル,鋼鉄の原石,ハルパスの執念,アデナ,ドレスデスクタリティ,,,,,,,,,,,,,,,,,,,,,,,,,
話せる島,ノームソードマン,グラディウス,シルバーロングソード,ジェネラルソード,魔法のヘルム治癒,ブレイブポーション,修練者の防具強化スクロール,ランプメタル,鋼鉄の原石,ハルパスの執念,アデナ,,,,,,,,,,,,,,,,,,,,,,,,
話せる島,ノームパイクマン,フォチャード,魔法のヘルム治癒,修練者の防具強化スクロール,ランプメタル,鋼鉄の原石,ハルパスの執念,アデナ,,,,,,,,,,,,,,,,,,,,,,,,,,,
話せる島,ノームシャーマン,メイジスタッフ,ビショップスタッフ,魔法のヘルム治癒,ブルーポーション,ブランクスクロールlv1,修練者の防具強化スクロール,ランプメタル,鋼鉄の原石,シルバーピース,ハルパスの執念,アデナ,マナドレイン,,,,,,,,,,,,,,,,,,,,,,
話せる島,オーク,モーニングスター,ファアグリオの遺産,ハルパスの執念,アデナ,,,,,,,,,,,,,,,,,,,,,,,,,,,,,,
話せる島,オークアーチャー,ダーククロスボウ,エルヴンワッフル,修練者の武器強化スクロール,ファアグリオの遺産,ハルパスの執念,アデナ,ドレスデスクタリティ,,,,,,,,,,,,,,,,,,,,,,,,,,,
話せる島,オークファイター,グラディウス,ブレイブポーション,修練者の武器強化スクロール,ファアグリオの遺産,ハルパスの執念,アデナ,ドレスマイティー,,,,,,,,,,,,,,,,,,,,,,,,,,,
話せる島,オークパイクマン,フォチャード,修練者の武器強化スクロール,ファアグリオの遺産,ハルパスの執念,アデナ,,,,,,,,,,,,,,,,,,,,,,,,,,,,,
話せる島,オークウィザード,メイジスタッフ,マジックプロテクションリング,ブルーポーション,ブランクスクロールlv1,修練者の武器強化スクロール,ファアグリオの遺産,ハルパスの執念,アデナ,アドバンスドスピリッツ,マグマアロー,,,,,,,,,,,,,,,,,,,,,,,,
話せる島,オークゾンビ,変身スクロール,マーブルの遺産,ハルパスの執念,アデナ,,,,,,,,,,,,,,,,,,,,,,,,,,,,,,
話せる島,彷徨う亡霊,防具強化スクロール,サイハの遺産,ハルパスの執念,スロー,,,,,,,,,,,,,,,,,,,,,,,,,,,,,,
話せる島,恨みの亡霊,防具強化スクロール,サイハの遺産,ハルパスの執念,スロー,,,,,,,,,,,,,,,,,,,,,,,,,,,,,,
話せる島,フローティングアイ,オペイクポーション,フローティングアイ肉,サイハの遺産,ハルパスの執念,カウンターマジック,カーズパラライズ,,,,,,,,,,,,,,,,,,,,,,,,,,,,
話せる島,ゴーレム,ストーングローブ,修練者の防具強化スクロール,ハルパスの執念,アデナ,ダイアゴーレム,力を失ったストーングローブ,,,,,,,,,,,,,,,,,,,,,,,,,,,,
話せる島,エルダー,メイジスタッフ,精神のアミュレット,変身コントロールリング,ウィズダムポーション,ブルーポーション,ブランクスクロールlv2,修練者の武器強化スクロール,修練者の防具強化スクロール,エボニーワンド,メイプルワンド,ハルパスの執念,アデナ,カウンターマジック,マナドレイン,グレーターリザレクション,,,,,,,,,,,,,,,,,,,
話せる島,裏切り者エルダー,ソーサリースタッフ,変身コントロールリング,ウィズダムポーション,ブルーポーション,ブランクスクロールlv2,修練者の武器強化スクロール,修練者の防具強化スクロール,エボニーワンド,メイプルワンド,ハルパスの執念,アデナ,カウンターマジック,グレーターリザレクション,,,,,,,,,,,,,,,,,,,,,
話せる島,ジャイアントスパイダー,グリーンポーション,強化グリーンポーション,祝福されたテレポートスクロール,エボニーワンド,マーブルの遺産,ハルパスの執念,アデナ,イラプション,,,,,,,,,,,,,,,,,,,,,,,,,,
話せる島,ドレッドスパイダー,グリーンポーション,強化グリーンポーション,祝福されたテレポートスクロール,修練者の武器強化スクロール,修練者の防具強化スクロール,防具強化スクロール,サンダルウッドワンド,マーブルの遺産,ハルパスの執念,アデナ,テイミングモンスター,グレーターヘイスト,ベノムレジスト,,,,,,,,,,,,,,,,,,,,,
話せる島,ダイアーウルフ,スチールクロウ,グリーンポーション,マーブルの遺産,ハルパスの執念,アイオブドラゴン,,,,,,,,,,,,,,,,,,,,,,,,,,,,,
話せる島,ブラックナイト,ハルバード,Tシャツ,タワーシールド,反逆者の盾,マイナーボディベルト,グリーンポーション,ブレイブポーション,修練者の武器強化スクロール,修練者の防具強化スクロール,防具強化スクロール,リダクションアーマー,バウンスアタック,力を失った反逆者の盾,,,,,,,,,,,,,,,,,,,,,
話せる島,精鋭ブラックナイト,ハルバード,スプリントメイル,タワーシールド,反逆者の盾,マイナーボディベルト,グリーンポーション,ブレイブポーション,防具強化スクロール,ハルパスの執念,アデナ,リダクションアーマー,バウンスアタック,力を失った反逆者の盾,,,,,,,,,,,,,,,,,,,,,
グルーディオフィールド,赤いオーク,赤いオークのイヤリング,武器強化スクロール,防具強化スクロール,ハルパスの執念,アデナ,,,,,,,,,,,,,,,,,,,,,,,,,,,,,
グルーディオフィールド,スピリッド,マーブルの遺産,ハルパスの執念,アデナ,フルヒール,,,,,,,,,,,,,,,,,,,,,,,,,,,,,,
グルーディオフィールド,ケパルレ,ハルパスの執念,アデナ,,,,,,,,,,,,,,,,,,,,,,,,,,,,,,,,
グルーディオフィールド,ドワーフウォリアー,ドワヴィッシュソード,ドワヴィッシュアックス,ドワヴィッシュラウンドシールド,ドワヴィッシュアイアンヘルム,ドワヴィッシュクローク,グリーンポーション,マーブルの遺産,ランプメタル,アデナ,,,,,,,,,,,,,,,,,,,,,,,,,
グルーディオフィールド,ウェアウルフ,,,,,,,,,,,,,,,,,,,,,,,,,,,,,,,,,,
グルーディオフィールド,ライカンスロープ,,,,,,,,,,,,,,,,,,,,,,,,,,,,,,,,,,
グルーディオフィールド,ノームソードマン,,,,,,,,,,,,,,,,,,,,,,,,,,,,,,,,,,
グルーディオフィールド,ノームパイクマン,,,,,,,,,,,,,,,,,,,,,,,,,,,,,,,,,,
グルーディオフィールド,オーク,,,,,,,,,,,,,,,,,,,,,,,,,,,,,,,,,,
グルーディオフィールド,オークアーチャー,,,,,,,,,,,,,,,,,,,,,,,,,,,,,,,,,,
グルーディオフィールド,オークファイター,,,,,,,,,,,,,,,,,,,,,,,,,,,,,,,,,,
グルーディオフィールド,オークウィザード,,,,,,,,,,,,,,,,,,,,,,,,,,,,,,,,,,
グルーディオフィールド,エルダー,,,,,,,,,,,,,,,,,,,,,,,,,,,,,,,,,,
グルーディオフィールド,裏切り者エルダー,,,,,,,,,,,,,,,,,,,,,,,,,,,,,,,,,,
グルーディオフィールド,トロール,スプリントメイル,トロールベルト,ブレイブポーション,ハルパスの執念,アデナ,クリエイトゾンビ,キューブクエイク,,,,,,,,,,,,,,,,,,,,,,,,,,,
グルーディオフィールド,オーガ,グレートアックス,魔法のヘルム力,スプリントメイル,オーガベルト,グリーンポーション,ブレイブポーション,武器強化スクロール,マーブルの遺産,オーガの血,ハルパスの執念,アデナ,,,,,,,,,,,,,,,,,,,,,,,
死の廃墟,亡者の看守,アイアンアックス,腕力のアミュレット,マイナーソウルベルト,武器強化スクロール,祝福された武器強化スクロール,防具強化スクロール,祝福された防具強化スクロール,魂の結晶体,ピュアエリクサー,ハルパスの執念,アデナ,ショックスタン,イラプション,力を失った腕力のアミュレット,,,,,,,,,,,,,,,,,,,,
死の廃墟,スターク,ハルパスの執念,アデナ,,,,,,,,,,,,,,,,,,,,,,,,,,,,,,,,
死の廃墟,スケルトンアックスマン,モーニングスター,グリーンポーション,強化グリーンポーション,防具強化スクロール,魂の結晶体,ハルパスの執念,アデナ,ドレスマイティー,,,,,,,,,,,,,,,,,,,,,,,,,,
死の廃墟,スケルトンパイクマン,フォチャード,グリーンポーション,強化グリーンポーション,防具強化スクロール,魂の結晶体,ハルパスの執念,アデナ,,,,,,,,,,,,,,,,,,,,,,,,,,,
死の廃墟,スケルトンアーチャー,ダーククロスボウ,グリーンポーション,強化グリーンポーション,エルヴンワッフル,防具強化スクロール,魂の結晶体,ハルパスの執念,アデナ,ドレスマイティー,,,,,,,,,,,,,,,,,,,,,,,,,
死の廃墟,スパルトイ,グラディウス,ブロンズプレートメイル,グリーンポーション,強化グリーンポーション,防具強化スクロール,魂の結晶体,ハルパスの執念,アデナ,ブラインドハイディング,アイオブドラゴン,,,,,,,,,,,,,,,,,,,,,,,,
死の廃墟,ゾンビ,マーブルの遺産,ハルパスの執念,アデナ,,,,,,,,,,,,,,,,,,,,,,,,,,,,,,,
死の廃墟,グール,呪われた武器強化スクロール,マーブルの遺産,魂の結晶体,ハルパスの執念,アデナ,ベノムレジスト,,,,,,,,,,,,,,,,,,,,,,,,,,,,
死の廃墟,バグベアー,スプリントメイル,グリーンポーション,防具強化スクロール,魂の結晶体,ハルパスの執念,アデナ,,,,,,,,,,,,,,,,,,,,,,,,,,,,
死の廃墟,キングバグベアー,魔法のヘルム力,スプリントメイル,グリーンポーション,ブレイブポーション,防具強化スクロール,魂の結晶体,ハルパスの執念,アデナ,ウェポンブレイク,バーニングスピリッツ,,,,,,,,,,,,,,,,,,,,,,,,
亡者の墓,ブラックナイトチーフ,カーツヘルム,カーツアーマー,カーツグローブ,カーツブーツ,ライトニングエッジ,反逆者の盾,体力のアミュレット,武器強化スクロール.祝福された武器強化スクロール,防具強化スクロール,祝福された防具強化スクロール,古いスポールダー,ソウルクリスタルブラックナイトチーフ,ピュアエリクサー,ハルパスの執念,アデナ,リダクションアーマー,バウンスアタック,力を失ったカーツヘルム,力を失ったカーツアーマー,力を失ったカーツグローブ,力を失ったカーツブーツ,力を失った指揮官のヘルム,力を失った反逆者の盾,,,,,,,,,,,
亡者の墓,スターク,,,,,,,,,,,,,,,,,,,,,,,,,,,,,,,,,,
亡者の墓,スケルトンアックスマン,,,,,,,,,,,,,,,,,,,,,,,,,,,,,,,,,,
亡者の墓,スケルトンパイクマン,,,,,,,,,,,,,,,,,,,,,,,,,,,,,,,,,,
亡者の墓,スケルトンアーチャー,,,,,,,,,,,,,,,,,,,,,,,,,,,,,,,,,,
亡者の墓,スパルトイ,,,,,,,,,,,,,,,,,,,,,,,,,,,,,,,,,,
亡者の墓,ゾンビ,,,,,,,,,,,,,,,,,,,,,,,,,,,,,,,,,,
亡者の墓,グール,,,,,,,,,,,,,,,,,,,,,,,,,,,,,,,,,,
亡者の墓,デス,ダークデュアルブレード,ウィズダムポーション,魂の結晶体,ハルパスの執念,アデナ,モータルボディ,ホラーオブーデス,,,,,,,,,,,,,,,,,,,,,,,,,,,
亡者の墓,ブラックナイト,,,,,,,,,,,,,,,,,,,,,,,,,,,,,,,,,,
ケント北の森,ブラックナイトチーフ,サイレンスソード,祝福されたサイレンスソード,武器強化スクロール,祝福された武器強化スクロール,防具強化スクロール,祝福された防具強化スクロール,マーブルの遺産,ピュアエリクサー,ハルパスの執念,アデナ,,,,,,,,,,,,,,,,,,,,,,,,
ケント北の森,スピリッド,,,,,,,,,,,,,,,,,,,,,,,,,,,,,,,,,,
ケント北の森,ノームアーチャー,,,,,,,,,,,,,,,,,,,,,,,,,,,,,,,,,,
ケント北の森,ノームソードマン,,,,,,,,,,,,,,,,,,,,,,,,,,,,,,,,,,
ケント北の森,ノームシャーマン,,,,,,,,,,,,,,,,,,,,,,,,,,,,,,,,,,
ケント北の森,ブラックナイト,,,,,,,,,,,,,,,,,,,,,,,,,,,,,,,,,,
ケント南の森,リカント,,,,,,,,,,,,,,,,,,,,,,,,,,,,,,,,,,
ケント南の森,スピリッド,,,,,,,,,,,,,,,,,,,,,,,,,,,,,,,,,,
ケント南の森,ウェアウルフ,,,,,,,,,,,,,,,,,,,,,,,,,,,,,,,,,,
ケント南の森,オーク,,,,,,,,,,,,,,,,,,,,,,,,,,,,,,,,,,
ケント南の森,オークアーチャー,,,,,,,,,,,,,,,,,,,,,,,,,,,,,,,,,,
ケント南の森,オークファイター,,,,,,,,,,,,,,,,,,,,,,,,,,,,,,,,,,
ケント南の森,オーガ,,,,,,,,,,,,,,,,,,,,,,,,,,,,,,,,,,
ハルパスの傷跡,ダークロード,レッドクリスタルスタッフ,知識のブーツ,武器強化スクロール,祝福された武器強化スクロール,防具強化スクロール,祝福された防具強化スクロール,スピリットポーション,ハルパスの執念,アデナ,グレータースロー,アブソルートバリア,サンダーグラップ,アバター,,,,,,,,,,,,,,,,,,,,,
ハルパスの傷跡,ディープフラワー,ディープフラワーのつぼみ,ハルパスの執念,,,,,,,,,,,,,,,,,,,,,,,,,,,,,,,,
ハルパスの傷跡,プレートワーム,エヴァの遺産,プレートワームの毒袋,ハルパスの執念,,,,,,,,,,,,,,,,,,,,,,,,,,,,,,,
ハルパスの傷跡,ダークフォレスター,ダークローブ,ダークフォレスターブーツ,ウィズダムポーション,スピリットポーション,ブルーポーション,ブランクスクロールlv4,ダイアモンド,ダークフォレスターポーション,ハルパスの執念,アデナ,ディケイポーション,グレータースロー,,,,,,,,,,,,,,,,,,,,,,
ハルパスの傷跡,ブラックタイガー,グリーンポーション,強化グリーンポーション,ブレイブポーション,エメラルド,ブラックタイガーの牙,ブラックタイガーの爪,ハルパスの執念,アデナ,,,,,,,,,,,,,,,,,,,,,,,,,,
ハルパスの傷跡,ヘルバウンド,イビルブラッド,黒い血痕,ルビー,闇の鉱石,ハルパスの執念,アデナ,,,,,,,,,,,,,,,,,,,,,,,,,,,,
ハルパスの傷跡,闇の復讐者,スピリットポーション,修行者の経典,ハルパスの執念,アデナ,ソリッドキャリッジ,ファイナルバーン,サンダーグラップ,,,,,,,,,,,,,,,,,,,,,,,,,,,
ハルパスの傷跡,ブラッディナイト,グレートソード,ブラッドグレートソード,グリーンポーション,ブレイブポーション,スピリットポーション,呪われた武器強化スクロール,サイハの遺産,修行者の経典,ハルパスの執念,アデナ,パニック,,,,,,,,,,,,,,,,,,,,,,,
ハルパスの傷跡,クリムゾンドレイク,プレートメイル,グリーンポーション,ハルパスの執念,アデナ,,,,,,,,,,,,,,,,,,,,,,,,,,,,,,
ハルパスの傷跡,オーテュ,サファイア,聖地の遺物,ハルパスの執念,アデナ,,,,,,,,,,,,,,,,,,,,,,,,,,,,,,
ハルパスの傷跡,テューポン,呪われた防具強化スクロール,ダイアモンド,マーブルの遺産,聖地の遺物,ハルパスの執念,アデナ,,,,,,,,,,,,,,,,,,,,,,,,,,,,
ハルパスの傷跡,ヘルクリーチャー,防具強化スクロール,黒い血痕,闇の鉱石,ハルパスの執念,アデナ,アバター,,,,,,,,,,,,,,,,,,,,,,,,,,,,
エルフの森,ファングス,ブラインドポーション,エヴァの遺産,きのこの胞子液,ハルパスの執念,,,,,,,,,,,,,,,,,,,,,,,,,,,,,,
エルフの森,ウェアウルフ,,,,,,,,,,,,,,,,,,,,,,,,,,,,,,,,,,
エルフの森,ライカンスロープ,,,,,,,,,,,,,,,,,,,,,,,,,,,,,,,,,,
エルフの森,オーク,,,,,,,,,,,,,,,,,,,,,,,,,,,,,,,,,,
エルフの森,オークアーチャー,,,,,,,,,,,,,,,,,,,,,,,,,,,,,,,,,,
オークの森,オルクス,グレートアックス,古代闘士のガーダー,闘士のアミュレット,ファイヤーリング,武器強化スクロール,祝福された武器強化スクロール,防具強化スクロール,祝福された防具強化スクロール,フォノストーテム,ピュアエリクサー,ハルパスの執念,アデナ,ショックスタン,力を失った闘士のアミュレット,,,,,,,,,,,,,,,,,,,,
オークの森,ネクロス,ルチェンハンマー,古代闘士のガーダー,闘士のアミュレット,ファイヤーリング,武器強化スクロール,祝福された武器強化スクロール,防具強化スクロール,祝福された防具強化スクロール,フォノストーテム,ピュアエリクサー,ハルパスの執念,アデナ,ショックスタン,力を失った闘士のアミュレット,,,,,,,,,,,,,,,,,,,,
オークの森,ガーストロード,バーサーカーアックス,グローブ,魅力のアミュレット,武器強化スクロール,祝福された武器強化スクロール,防具強化スクロール,祝福された防具強化スクロール,マーブルの遺産,ピュアエリクサー,ハルパスの執念,アデナ,キャンセレーション,サモンモンスター,グレータースロー,エンチャントベノム,ファンタズム,,,,,,,,,,,,,,,,,,
オークの森,赤いオーク,,,,,,,,,,,,,,,,,,,,,,,,,,,,,,,,,,
オークの森,スピリッド,,,,,,,,,,,,,,,,,,,,,,,,,,,,,,,,,,
オークの森,フォノスオークアックス,モーニングスター,ジェネラルブーツ,闘士のアミュレット,ファイヤーリング,フォノストーテム,ハルパスの執念,アデナ,ドレスマイティー,力を失った闘士のアミュレット,,,,,,,,,,,,,,,,,,,,,,,,,
オークの森,フォノスオークアーチャー,ダーククロスボウ,ビショップクローク,ファイヤーリング,エルヴンワッフル,フォノストーテム,ハルパスの執念,アデナ,,,,,,,,,,,,,,,,,,,,,,,,,,,
オークの森,フォノスオークソードマン,ロングソード,ジェネラルグローブ,闘士のアミュレット,ファイヤーリング,ブレイブポーション,フォノストーテム,ハルパスの執念,アデナ,力を失った闘士のアミュレット,,,,,,,,,,,,,,,,,,,,,,,,,
オークの森,フォノスオークシャーマン,メイジスタッフ,ビショップグローブ,ビショップブック,知力のアミュレット,ファイヤーリング,ブルーポーション,ブランクスクロールlv2,フォノストーテム,ハルパスの執念,アデナ,アドバンスドスピリッツ,,,,,,,,,,,,,,,,,,,,,,,
シルバーナイトタウン,死の亡霊,破壊のデュアルブレード,武器強化スクロール,祝福された武器強化スクロール,防具強化スクロール,祝福された防具強化スクロール,ピュアエリクサー,ハルパスの執念,アデナ,ダンシングブレイズ,エレメンタルファイアー,,,,,,,,,,,,,,,,,,,,,,,,
シルバーナイトタウン,混沌の亡霊,瞑想のスタッフ,武器強化スクロール,祝福された武器強化スクロール,防具強化スクロール,祝福された防具強化スクロール,ピュアエリクサー,ハルパスの執念,アデナ,ホーリーウォーク,ブリザード,,,,,,,,,,,,,,,,,,,,,,,,
シルバーナイトタウン,スピリッド,,,,,,,,,,,,,,,,,,,,,,,,,,,,,,,,,,
シルバーナイトタウン,ケパルレ,,,,,,,,,,,,,,,,,,,,,,,,,,,,,,,,,,
シルバーナイトタウン,ウェアウルフ,,,,,,,,,,,,,,,,,,,,,,,,,,,,,,,,,,
シルバーナイトタウン,ライカンスロープ,,,,,,,,,,,,,,,,,,,,,,,,,,,,,,,,,,
シルバーナイトタウン,ノームアーチャー,,,,,,,,,,,,,,,,,,,,,,,,,,,,,,,,,,
シルバーナイトタウン,ノームソードマン,,,,,,,,,,,,,,,,,,,,,,,,,,,,,,,,,,
シルバーナイトタウン,ノームパイクマン,,,,,,,,,,,,,,,,,,,,,,,,,,,,,,,,,,
シルバーナイトタウン,ノームシャーマン,,,,,,,,,,,,,,,,,,,,,,,,,,,,,,,,,,
シルバーナイトタウン,オーク,,,,,,,,,,,,,,,,,,,,,,,,,,,,,,,,,,
シルバーナイトタウン,オークアーチャー,,,,,,,,,,,,,,,,,,,,,,,,,,,,,,,,,,
シルバーナイトタウン,オークファイター,,,,,,,,,,,,,,,,,,,,,,,,,,,,,,,,,,
シルバーナイトタウン,オークパイクマン,,,,,,,,,,,,,,,,,,,,,,,,,,,,,,,,,,
シルバーナイトタウン,オークウィザード,,,,,,,,,,,,,,,,,,,,,,,,,,,,,,,,,,
シルバーナイトタウン,オークゾンビ,,,,,,,,,,,,,,,,,,,,,,,,,,,,,,,,,,
シルバーナイトタウン,ゾンビ,,,,,,,,,,,,,,,,,,,,,,,,,,,,,,,,,,
シルバーナイトタウン,アリゲーター,エヴァの遺産,ハルパスの執念,アデナ,,,,,,,,,,,,,,,,,,,,,,,,,,,,,,,
シルバーナイトタウン,ガースト,グローブ,マーブルの遺産,ハルパスの執念,アデナ,キャンセレーション,サモンモンスター,エンチャントベノム,ファンタズム,,,,,,,,,,,,,,,,,,,,,,,,,,
ウッドベック,エルシャベの卵,古代のダークエルフソード,ダークネスデュアルブレード,ダークネスクロウ,ダークネスクロスボウ,古代のエルヴンボウガン,ルナロングボウ,アントクイーンゴールデンウィング,アントクイーンシルバーウィング,ストーングローブ,闘士のアミュレット,光るサイハのアミュレット,賢者のアミュレット,武器強化スクロール,祝福された武器強化スクロール,防具強化スクロール,祝福された防具強化スクロール,高級ダイアモンド,最高級ダイアモンド,高級エメラルド,最高級エメラルド,高級ルビー,最高級ルビー,高級サファイア,最高級サファイア,ピュアエリクサー,エリクサー体力,グレースアバター,カウンターバリア,ブレイジングスピリッツ,デストロイ,インパクト,,,
ウッドベック,サンドワームの砂袋,ダークネスデュアルブレード,ダークネスクロウ,ダークネスクロスボウ,アントクイーンゴールデンウィング,アントクイーンシルバーウィング,ストーングローブ,アイアンゲートル,闘士のアミュレット,光るサイハのアミュレット,賢者のアミュレット,武器強化スクロール,祝福された武器強化スクロール,防具強化スクロール,祝福された防具強化スクロール,高級ダイアモンド,最高級ダイアモンド,高級エメラルド,最高級エメラルド,高級ルビー,最高級ルビー,高級サファイア,最高級サファイア,ピュアエリクサー,エリクサー体力,火炎の気,アブソルートブレード,ソウルバリア,デスヒール,アーマーブレイク,アサシン,デスぺラード,タイタンライジング,,
ウッドベック荒地,フローティングアイ,,,,,,,,,,,,,,,,,,,,,,,,,,,,,,,,,,
ウッドベック荒地,ゴーレム,,,,,,,,,,,,,,,,,,,,,,,,,,,,,,,,,,
ウッドベック荒地,リザードマン,グラディウス,スケイルメイル,ブレイブポーション,テレポートスクロール,祝福されたテレポートスクロール,エヴァの遺産,ハルパスの執念,アデナ,,,,,,,,,,,,,,,,,,,,,,,,,,
ウッドベック荒地,グリフォン,サイハの遺産,グリフォンの羽,ハルパスの執念,アデナ,ホーリーウォーク,ウィンドシャックル,マインドブレイク,,,,,,,,,,,,,,,,,,,,,,,,,,,
砂漠,サンドワーム,オリハルコンダガー,祝福されたオリハルコンダガー,祝福されたマジックプロテクションリング,祝福されたサモンコントロールリング,祝福された変身コントロールリング,祝福されたテレポートコントロールリング,武器強化スクロール,祝福された武器強化スクロール,防具強化スクロール,祝福された防具強化スクロール,マーブルの遺産,ピュアエリクサー,ハルパスの執念,サンドワームの砂袋,力を失ったオリハルコンダガー,力を失ったアーマーブレイク,,,,,,,,,,,,,,,,,,
砂漠,エルシャベ,アントクイーンゴールデンウィング,祝福されたアントクイーンゴールデンウィング,アントクイーンシルバーウィング,祝福されたアントクイーンシルバーウィング,祝福されたマジックプロテクションリング,祝福されたサモンコントロールリング,祝福された変身コントロールリング,祝福されたテレポートコントロールリング,武器強化スクロール,祝福された武器強化スクロール,防具強化スクロール,祝福された防具強化スクロール,マーブルの遺産,ピュアエリクサー,ハルパスの執念,生命の葉,エルシャべの卵,アースクエイク,力を失ったアントクイーンゴールデンウィング,力を失ったアントクイーンシルバーウィング,,,,,,,,,,,,,,
砂漠,ジャイアントガードアント,古代のダークエルフソード,アースリング,武器強化スクロール,祝福された武器強化スクロール,防具強化スクロール,祝福された防具強化スクロール,マーブルの遺産,ピュアエリクサー,ハルパスの執念,アデナ,,,,,,,,,,,,,,,,,,,,,,,,
砂漠,シューティングスター,武器強化スクロール,防具強化スクロール,ハルパスの執念,,,,,,,,,,,,,,,,,,,,,,,,,,,,,,,
砂漠,砂漠の花,マーブルの遺産,ハルパスの執念,シャドウスリープ,,,,,,,,,,,,,,,,,,,,,,,,,,,,,,,
砂漠,ジャイアントアント,グリーンポーション,テレポートスクロール,祝福されたテレポートスクロール,ダイアモンド,マーブルの遺産,ハルパスの執念,アデナ,,,,,,,,,,,,,,,,,,,,,,,,,,,
砂漠,ジャイアントアントソルジャー,アースリング,ダイアモンド,マーブルの遺産,ハルパスの執念,アデナ,,,,,,,,,,,,,,,,,,,,,,,,,,,,,
砂漠,ジャイアントファイアーアント,魔法のヘルム迅速,アースリング,グリーンポーション,ダイアモンド,マーブルの遺産,ハルパスの執念,アデナ,バーサーカー,,,,,,,,,,,,,,,,,,,,,,,,,,
砂漠,砂の墓,マーブルの遺産,黒い血痕,ハルパスの執念,アデナ,モータルボディ,,,,,,,,,,,,,,,,,,,,,,,,,,,,,
砂漠,ホワイトアントの群れ,アースリング,テレポートスクロール,祝福されたテレポートスクロール,ダイアモンド,マーブルの遺産,ハルパスの執念,アデナ,,,,,,,,,,,,,,,,,,,,,,,,,,,
砂漠,ジャイアントホワイトアント,魔法のヘルム迅速,アースリング,グリーンポーション,ウィズダムポーション,ダイアモンド,マーブルの遺産,ハルパスの執念,アデナ,,,,,,,,,,,,,,,,,,,,,,,,,,
砂漠,スコーピオン,ダーククロウ,アースリング,ブレイブポーション,ダイアモンド,マーブルの遺産,ハルパスの執念,アデナ,バーサーカー,ダブルブレイク,,,,,,,,,,,,,,,,,,,,,,,,,
砂漠,サンドスコーピオン,ダークデュアルブレード,魔法のヘルム迅速,アースリング,グリーンポーション,ブレイブポーション,ダイアモンド,マーブルの遺産,ハルパスの執念,アデナ,ダブルブレイク,,,,,,,,,,,,,,,,,,,,,,,,
砂漠,バジリスク,バンデッドメイル,アースリング,グリーンポーション,ブレイブポーション,ブルーポーション,ダイアモンド,最高級ダイアモンド,マーブルの遺産,ハルパスの執念,アデナ,アースクエイク,アイスランス,,,,,,,,,,,,,,,,,,,,,,
ギランフィールド,アイドロン,グリーンポーション,高級皮革,ハルパスの執念,アデナ,,,,,,,,,,,,,,,,,,,,,,,,,,,,,,
ギランフィールド,インプ,マイナーマインドベルト,サイハの遺産,黒い血痕,ハルパスの執念,アデナ,,,,,,,,,,,,,,,,,,,,,,,,,,,,,
ギランフィールド,オウルベアー,ブレイブポーション,マーブルの遺産,高級皮革,ハルパスの執念,アデナ,,,,,,,,,,,,,,,,,,,,,,,,,,,,,
ギランフィールド,インプエルダー,ソーサリースタッフ,マイナーマインドベルト,サイハの遺産,黒い血痕,ハルパスの執念,アデナ,,,,,,,,,,,,,,,,,,,,,,,,,,,,
ギランフィールド,ラットマン,フォチャード,グリーンポーション,高級皮革,ハルパスの執念,アデナ,,,,,,,,,,,,,,,,,,,,,,,,,,,,,
ギランフィールド,密林タイガー,ダークマント,グリーンポーション,マーブルの遺産,高級皮革,ハルパスの執念,アデナ,,,,,,,,,,,,,,,,,,,,,,,,,,,,
ギランフィールド,ダークエルフ,古代のエルヴンボウガン,エルヴンプレストプレート,機敏のアミュレット,グリーンポーション,エルヴンワッフル,風の涙,ハルパスの執念,アデナ,イレースマジック,トルネード,インビジビリティ,,,,,,,,,,,,,,,,,,,,,,,
ギランフィールド,サイクロプス,ルチェンハンマー,プレートメイル,ボディベルト,ブレイブポーション,祝福された防具強化スクロール,サイハの遺産,ハルパスの執念,アデナ,ウィークネス,サイレンス,,,,,,,,,,,,,,,,,,,,,,,,
密林地帯,スピリッド,,,,,,,,,,,,,,,,,,,,,,,,,,,,,,,,,,
密林地帯,キウィパロット,グリーンポーション,高級皮革,ハルパスの執念,アデナ,イーグルアイ,,,,,,,,,,,,,,,,,,,,,,,,,,,,,
密林地帯,リザード,グリーンポーション,高級皮革,ハルパスの執念,アデナ,,,,,,,,,,,,,,,,,,,,,,,,,,,,,,
密林地帯,イビルジャイアントスパイダー,グリーンポーション,強化グリーンポーション,テレポートスクロール,祝福されたテレポートスクロール,エボニーワンド,マーブルの遺産,ハルパスの執念,アデナ,イラプション,,,,,,,,,,,,,,,,,,,,,,,,,
密林地帯,イビルドレッドスパイダー,グリーンポーション,強化グリーンポーション,テレポートスクロール,祝福されたテレポートスクロール,防具強化スクロール,サンダルウッドワンド,マーブルの遺産,ハルパスの執念,アデナ,テイミングモンスター,グレーターヘイスト,ベノムレジスト,,,,,,,,,,,,,,,,,,,,,,
密林地帯,ユカ,グリーンポーション,エヴァの遺産,ハルパスの執念,アデナ,シャドウスリープ,,,,,,,,,,,,,,,,,,,,,,,,,,,,,
密林地帯,ミカ,グリーンポーション,エヴァの遺産,ハルパスの執念,アデナ,シャドウスリープ,,,,,,,,,,,,,,,,,,,,,,,,,,,,,
密林地帯,ドッペルゲンガー,マインドベルト,エメラルド,ハルパスの執念,アデナ,パワーグリップ,,,,,,,,,,,,,,,,,,,,,,,,,,,,,
密林地帯,ドッペルゲンガー人,シルバーロングソード,マインドベルト,ブレイブポーション,エメラルド,ハルパスの執念,アデナ,カウンターディテクション,,,,,,,,,,,,,,,,,,,,,,,,,,,
密林地帯,ジュラカ,ブレイブポーション,ウィズダムポーション,エメラルド,魔力の糸,ハルパスの執念,アデナ,エンチャントベノム,,,,,,,,,,,,,,,,,,,,,,,,,,,
密林地帯,ブライド,ブルーポーション,ブランクスクロールlv3,エメラルド,サイハの遺産,魔力の糸,ハルパスの執念,アデナ,ウィンドシャックル,,,,,,,,,,,,,,,,,,,,,,,,,,
密林地帯,エート,グリーンポーション,防具強化スクロール,サファイア,マーブルの遺産,魔力の糸,ハルパスの執念,アデナ,精霊クエイク,,,,,,,,,,,,,,,,,,,,,,,,,,
ハイネフィールド,ジャイアントクロコダイル,魔力のグローブ,ウォーターリング,武器強化スクロール,祝福された武器強化スクロール,防具強化スクロール,祝福された防具強化スクロール,ピュアエリクサー,ハルパスの執念,アデナ,ウォーターライフ,,,,,,,,,,,,,,,,,,,,,,,,
ハイネフィールド,アリゲーター,,,,,,,,,,,,,,,,,,,,,,,,,,,,,,,,,,
ハイネフィールド,クロコダイル,ウォーターリング,グリーンポーション,防具強化スクロール,サファイア,最高級サファイア,魔力の糸,ハルパスの執念,アデナ,ウォーターライフ,ネイチャーズタッチ,,,,,,,,,,,,,,,,,,,,,,,,
ハイネフィールド,イビルジャイアントスパイダー,,,,,,,,,,,,,,,,,,,,,,,,,,,,,,,,,,
ハイネフィールド,イビルドレッドスパイダー,,,,,,,,,,,,,,,,,,,,,,,,,,,,,,,,,,
ハイネフィールド,ゲイザー,ブレイブポーション,ウィズダムポーション,ブラインドポーション,サファイア,サイハの遺産,ハルパスの執念,カーズパラライズ,ディジーズ,,,,,,,,,,,,,,,,,,,,,,,,,,
ハイネフィールド,ジュラカ,,,,,,,,,,,,,,,,,,,,,,,,,,,,,,,,,,
ハイネフィールド,ラミア緑,ウォーターリング,ソウルベルト,ブルーポーション,テレポートスクロール,祝福されたテレポートスクロール,武器強化スクロール,サファイア,シャイニングスケイル,魔力の糸,アデナ,ウィークネス,,,,,,,,,,,,,,,,,,,,,,,
ハイネフィールド,ラミア紫,ウォーターリング,ソウルベルト,ブルーポーション,テレポートスクロール,祝福されたテレポートスクロール,武器強化スクロール,サファイア,シャイニングスケイル,魔力の糸,アデナ,ウィークネス,,,,,,,,,,,,,,,,,,,,,,,
ハイネフィールド,ブライド,,,,,,,,,,,,,,,,,,,,,,,,,,,,,,,,,,
ハイネフィールド,タートルドラゴン,ウォーターリング,ブレイブポーション,防具強化スクロール,魔力の糸,ハルパスの執念,アデナ,アクアプロテクション,,,,,,,,,,,,,,,,,,,,,,,,,,,
ハイネフィールド,エート,,,,,,,,,,,,,,,,,,,,,,,,,,,,,,,,,,
鏡の森,ドッペルゲンガーボス,ドッペルゲンガーアミュレット,ドッペルゲンガーライトリング,ドッペルゲンガーレフトリング,武器強化スクロール,祝福された武器強化スクロール,防具強化スクロール,祝福された防具強化スクロール,ピュアエリクサー,ハルパスの執念,アデナ,ショックスタン,ブリザード,シェイプチェンジ,パワーグリップ,力を失ったドッペルゲンガーアミュレット,力を失ったドッペルゲンガーライトリング,力を失ったドッペルゲンガーレフトリング,,,,,,,,,,,,,,,,,
鏡の森,アリゲーター,,,,,,,,,,,,,,,,,,,,,,,,,,,,,,,,,,
鏡の森,クラブマン,スケイルメイル,ウォーターリング,防具強化スクロール,サファイア,エヴァの遺産,ハルパスの執念,アデナ,,,,,,,,,,,,,,,,,,,,,,,,,,,
鏡の森,ドッペルゲンガー,,,,,,,,,,,,,,,,,,,,,,,,,,,,,,,,,,
鏡の森,ドッペルゲンガー人,,,,,,,,,,,,,,,,,,,,,,,,,,,,,,,,,,
ウェルダンフィールド,バンディットボス,ミスリルダガー,祝福されたミスリルダガー,刀,グローブ,ウィンドリング,武器強化スクロール,祝福された武器強化スクロール,防具強化スクロール,祝福された防具強化スクロール,ピュアエリクサー,ハルパスの執念,アデナ,,,,,,,,,,,,,,,,,,,,,,
ウェルダンフィールド,バンディットスナイパー,ダーククロスボウ,エンジェルスレイヤー,ウィンドリング,グリーンポーション,エルヴンワッフル,テレポートスクロール,祝福されたテレポートスクロール,ハルパスの執念,アデナ,,,,,,,,,,,,,,,,,,,,,,,,,
ウェルダンフィールド,バンディット剣,グラディウス,ウィンドリング,グリーンポーション,強化グリーンポーション,ハルパスの執念,アデナ,,,,,,,,,,,,,,,,,,,,,,,,,,,,
ウェルダンフィールド,バンディットメイス,モーニングスター,ウィンドリング,グリーンポーション,強化グリーンポーション,ハルパスの執念,アデナ,,,,,,,,,,,,,,,,,,,,,,,,,,,,
ウェルダンフィールド,バンディットキャプテン,ダマスカスソード,ブーツ,ウィンドリング,グリーンポーション,ブレイブポーション,防具強化スクロール,ハルパスの執念,アデナ,,,,,,,,,,,,,,,,,,,,,,,,,,
ドラゴンバレー周辺,キウィパロット,,,,,,,,,,,,,,,,,,,,,,,,,,,,,,,,,,
ドラゴンバレー周辺,リザード,,,,,,,,,,,,,,,,,,,,,,,,,,,,,,,,,,
ドラゴンバレー周辺,密林タイガー,,,,,,,,,,,,,,,,,,,,,,,,,,,,,,,,,,
オーレンフィールド,ケパルレ,,,,,,,,,,,,,,,,,,,,,,,,,,,,,,,,,,
オーレンフィールド,精鋭ノームアーチャー,ハンターボウ,魔法のヘルム治癒,呪われたアイアンヘルム,呪われたアイアンアーマー,呪われたアイアングローブ,呪われたアイアンブーツ,呪われたアイアンシールド,エルヴンワッフル,ランプメタル,鋼鉄の原石,ハルパスの執念,アデナ,ドレスデクスタリティー,,,,,,,,,,,,,,,,,,,,,
オーレンフィールド,精鋭ノームソードマン,シルバーロングソード,ジェネラルソード,魔法のヘルム治癒,呪われたアイアンヘルム,呪われたアイアンアーマー,呪われたアイアングローブ,呪われたアイアンブーツ,呪われたアイアンシールド,ブレイブポーション,ランプメタル,鋼鉄の原石,ゴールドピース,ハルパスの執念,アデナ,,,,,,,,,,,,,,,,,,,,
オーレンフィールド,精鋭ノームパイクマン,ルチェンハンマー,魔法のヘルム治癒,呪われたアイアンヘルム,呪われたアイアンアーマー,呪われたアイアングローブ,呪われたアイアンブーツ,呪われたアイアンシールド,ランプメタル,鋼鉄の原石,ゴールドピース,ハルパスの執念,アデナ,,,,,,,,,,,,,,,,,,,,,,
オーレンフィールド,精鋭ノームアックスマン,ドワヴィッシュアックス,アイアンアックス,魔法のヘルム治癒,呪われたアイアンヘルム,呪われたアイアンアーマー,呪われたアイアングローブ,呪われたアイアンブーツ,呪われたアイアンシールド,ランプメタル,鋼鉄の原石,ゴールドピース,ハルパスの執念,アデナ,ドレスデクスタリティー,,,,,,,,,,,,,,,,,,,,
オーレンフィールド,精鋭ノームシャーマン,ソーサリースタッフ,ビショップスタッフ,魔法のヘルム治癒,ブルーポーション,ブランクスクロールlv4,ランプメタル,鋼鉄の原石,ゴールドピース,プラチナピース,ハルパスの執念,アデナ,マナドレイン,,,,,,,,,,,,,,,,,,,,,,
オーレンフィールド,精鋭ノームジェネラル,ドワヴィッシュアックス,魔法のヘルム治癒,呪われたアイアンヘルム,呪われたアイアンアーマー,呪われたアイアングローブ,呪われたアイアンブーツ,呪われたアイアンシールド,グリーンポーション,ブレイブポーション,ランプメタル,鋼鉄の原石,ゴールドピース,プラチナピース,ハルパスの執念,アデナ,ショックスタン,リダクションアーマー,ドレスイベイジョン,,,,,,,,,,,,,,,,
エルモア激戦地,疾風のシャスキー,ブラッドサッカー,指揮官のヘルム,祝福された指揮官のヘルム,武器強化スクロール,祝福された武器強化スクロール,防具強化スクロール,祝福された防具強化スクロール,ピュアエリクサー,ハルパスの執念,アデナ,力を失ったブラッドサッカー,力を失った指揮官のヘルム,,,,,,,,,,,,,,,,,,,,,,
エルモア激戦地,狂風のシャスキー,ブラッドサッカー,指揮官のヘルム,祝福された指揮官のヘルム,武器強化スクロール,祝福された武器強化スクロール,防具強化スクロール,祝福された防具強化スクロール,ピュアエリクサー,ハルパスの執念,アデナ,力を失ったブラッドサッカー,力を失った指揮官のヘルム,,,,,,,,,,,,,,,,,,,,,,
エルモア激戦地,スターク,,,,,,,,,,,,,,,,,,,,,,,,,,,,,,,,,,
エルモア激戦地,エルモアソルジャー,フォチャード,ブラッドサッカー,マジックチェーンメイル,祝福されたマジックチェーンメイル,グリーンポーション,強化グリーンポーション,ルビー,高級ルビー,ハルパスの執念,アデナ,バーサーカー,力を失ったブラッドサッカー,,,,,,,,,,,,,,,,,,,,,,
エルモア激戦地,エルモアソルジャー2,フォチャード,ブラッドサッカー,マジックチェーンメイル,祝福されたマジックチェーンメイル,グリーンポーション,強化グリーンポーション,ルビー,高級ルビー,ハルパスの執念,アデナ,バーサーカー,力を失ったブラッドサッカー,,,,,,,,,,,,,,,,,,,,,,
エルモア激戦地,エルモアウィザード,ソーサリースタッフ,マジックプロテクションリング,知識のリング,ブルーポーション,ブランクスクロールlv3,ルビー,高級ルビー,ハルパスの執念,アデナ,アイスランス,インサイト,力を失った知識のリング,,,,,,,,,,,,,,,,,,,,,,
エルモア激戦地,エルモアウィザード2,ソーサリースタッフ,マジックプロテクションリング,知識のリング,グリーンポーション,ウィズダムポーション,ブルーポーション,ブランクスクロールlv4,ルビー,高級ルビー,ハルパスの執念,アデナ,アイスランス,インサイト,力を失った知識のリング,,,,,,,,,,,,,,,,,,,,
エルモア激戦地,エルモアジェネラル,破滅者のチェーンソード,祝福されたヘルム,グリーンポーション,ブレイブポーション,武器強化スクロール,ルビー,高級ルビー,ハルパスの執念,アデナ,リダクションアーマー,ドレスイベイジョン,,,,,,,,,,,,,,,,,,,,,,,
エルモア激戦地,エルモアジェネラル2,ツーハンドソード,破滅者のチェーンソード,マジックヘルム,祝福されたマジックヘルム,グリーンポーション,ブレイブポーション,武器強化スクロール,ルビー,高級ルビー,ハルパスの執念,アデナ,リダクションアーマー,ドレスイベイジョン,,,,,,,,,,,,,,,,,,,,,
エルモア激戦地,エルモアハイジェネラル,グレートソード,ジェネラルグレートソード,マジックヘルム,祝福されたマジックヘルム,グリーンポーション,ブレイブポーション,祝福された武器強化スクロール,ルビー,高級ルビー,ハルパスの執念,アデナ,リダクションアーマー,グレータースロー,ドレスイベイジョン,,,,,,,,,,,,,,,,,,,,
アデンフィールド,カルゴ,銀刃のグレートソード,リザードマングローブ,武器強化スクロール,祝福された武器強化スクロール,防具強化スクロール,祝福された防具強化スクロール,ピュアエリクサー,ハルパスの執念,アデナ,ショックスタン,リダクションアーマー,ソリッドキャリッジ,バウンスアタック,,,,,,,,,,,,,,,,,,,,,
アデンフィールド,キウィパロット,,,,,,,,,,,,,,,,,,,,,,,,,,,,,,,,,,
アデンフィールド,リザード,,,,,,,,,,,,,,,,,,,,,,,,,,,,,,,,,,
アデンフィールド,密林タイガー,,,,,,,,,,,,,,,,,,,,,,,,,,,,,,,,,,
アデンフィールド,リザードソードマン,ジェネラルソード,スケイルメイル,グリーンポーション,ブレイブポーション,テレポートスクロール,祝福されたテレポートスクロール,ハルパスの執念,アデナ,シャドウファング,,,,,,,,,,,,,,,,,,,,,,,,,
アデンフィールド,リザードウォリアー,チェーンメイル,グリーンポーション,防具強化スクロール,ハルパスの執念,アデナ,ドレスマイティー,,,,,,,,,,,,,,,,,,,,,,,,,,,,
アデンフィールド,リザードウィザード,フォーススタッフ,ビショップスタッフ,マジックプロテクションリグ,ウィズダムポーション,ブルーポーション,ブランクスクロールlv4,ハルパスの執念,アデナ,力を失ったフォーススタッフ,,,,,,,,,,,,,,,,,,,,,,,,,
黄昏の山脈,ジャイアントモーニングスター,古代弓射手のガーダー,タイタンベルト,祝福されたタイタンベルト,エンシェントジャイアントリング,祝福されたエンシェントジャイアントリング,武器強化スクロール,祝福された武器強化スクロール,防具強化スクロール,祝福された防具強化スクロール,封印されたラフィアンアックス,生命の葉,ピュアエリクサー,ハルパスの執念,アデナ,ショックスタン,力を失ったタイタンベルト,力を失ったエンシェントジャイアントリング,,,,,,,,,,,,,,,,,
黄昏の山脈,ジャイアント,プロンズプレートメイル,古代弓射手のガーダー,封印されたラフィアンアックス,ハルパスの執念,アデナ,,,,,,,,,,,,,,,,,,,,,,,,,,,,,
黄昏の山脈,ジャイアントウォリアー,プレートメイル,古代弓射手のガーダー,グリーンポーション,ブレイブポーション,防具強化スクロール,封印されたラフィアンアックス,ハルパスの執念,アデナ,ドレスマイティー,,,,,,,,,,,,,,,,,,,,,,,,,
黄昏の山脈,ジャイアントシャーマン,ダークローブ,古代弓射手のガーダー,ウィズダムポーション,ブルーポーション,ブランクスクロールlv4,封印されたラフィアンアックス,ハルパスの執念,アデナ,,,,,,,,,,,,,,,,,,,,,,,,,,
忘れられた島フィールド,エンシェントガーディアン,ガイアの激怒,クロノスの恐怖,ヒュペリオンの絶望,タイタンの憤怒,古代岩石のマント,古代の魔物のマント,古代岩石のグローブ,古代の魔物のグローブ,古代岩石のブーツ,古代の魔物のブーツ,古代岩石のゲートル,古代の魔物のゲートル,古代のオーラ,古代の技術書,古代の精霊の水晶,古代の魔法書,古代の闇精霊の水晶,古代のドラゴンナイトの書板,古代の記憶の水晶,古代のウォリアーの印章,,,,,,,,,,,,,,
忘れられた島フィールド,ハーピークイーン,古代人の錬金術スクロール,祝福された古代人の錬金術スクロール,古代人の呪術スクロール,祝福された古代人の呪術スクロール,ハルパスの執念,永遠の光,古代の精霊の水晶,魂を失った弓,,,,,,,,,,,,,,,,,,,,,,,,,,
忘れられた島フィールド,グレートミノタウルス,古代人の錬金術スクロール,祝福された古代人の錬金術スクロール,古代人の呪術スクロール,祝福された古代人の呪術スクロール,ハルパスの執念,永遠の光,古代のドラゴンナイトの書板,魂を失ったチェーンソード,,,,,,,,,,,,,,,,,,,,,,,,,,
忘れられた島フィールド,コカトリスキング,古代人の錬金術スクロール,祝福された古代人の錬金術スクロール,古代人の呪術スクロール,祝福された古代人の呪術スクロール,ハルパスの執念,永遠の光,古代の記憶の水晶,魂を失ったキーリンク,,,,,,,,,,,,,,,,,,,,,,,,,,
忘れられた島フィールド,オーガキング,古代人の錬金術スクロール,祝福された古代人の錬金術スクロール,古代人の呪術スクロール,祝福された古代人の呪術スクロール,ハルパスの執念,永遠の光,古代のウォリアーの印章,魂を失った斧,,,,,,,,,,,,,,,,,,,,,,,,,,
忘れられた島フィールド,ドレイクキング,古代人の錬金術スクロール,祝福された古代人の錬金術スクロール,古代人の呪術スクロール,祝福された古代人の呪術スクロール,ハルパスの執念,永遠の光,古代の技術書,,,,,,,,,,,,,,,,,,,,,,,,,,,
忘れられた島フィールド,裏切り者クロレンス,封印された歴史書1章,封印された歴史書2章,封印された歴史書3章,封印された歴史書4章,封印された歴史書5章,封印された歴史書6章,封印された歴史書7章,封印された歴史書8章,ダージマジックパウダー,,,,,,,,,,,,,,,,,,,,,,,,,
忘れられた島フィールド,カエル,グリーンポーション,強化グリーンポーション,ブレイブポーション,エルヴンワッフル,ウィズダムポーション,ブルーポーション,エヴァの遺産,ハルパスの執念,ブランクスクロールlv1,ブランクスクロールlv2,ブランクスクロールlv4,ブランクスクロールlv5,永遠の光,,,,,,,,,,,,,,,,,,,,,
忘れられた島フィールド,アイドロンFI,グリーンポーション,強化グリーンポーション,ブレイブポーション,エルヴンワッフル,ウィズダムポーション,ブルーポーション,マーブルの遺産,ハルパスの執念,ブランクスクロールlv1,ブランクスクロールlv2,ブランクスクロールlv4,ブランクスクロールlv5,永遠の光,,,,,,,,,,,,,,,,,,,,,
忘れられた島フィールド,インプFI,グリーンポーション,強化グリーンポーション,ブレイブポーション,エルヴンワッフル,ウィズダムポーション,ブルーポーション,マーブルの遺産,ハルパスの執念,ブランクスクロールlv1,ブランクスクロールlv2,ブランクスクロールlv4,ブランクスクロールlv5,永遠の光,,,,,,,,,,,,,,,,,,,,,
忘れられた島フィールド,コカトリスFI,グリーンポーション,強化グリーンポーション,ブレイブポーション,エルヴンワッフル,ウィズダムポーション,ブルーポーション,エヴァの遺産,ハルパスの執念,ブランクスクロールlv1,ブランクスクロールlv2,ブランクスクロールlv4,ブランクスクロールlv5,古代人の錬金術スクロール,古代人の呪術スクロール,永遠の光,,,,,,,,,,,,,,,,,,,
忘れられた島フィールド,オーガFI,グリーンポーション,強化グリーンポーション,ブレイブポーション,エルヴンワッフル,ウィズダムポーション,ブルーポーション,マーブルの遺産,ハルパスの執念,ブランクスクロールlv1,ブランクスクロールlv2,ブランクスクロールlv4,ブランクスクロールlv5,古代人の錬金術スクロール,古代人の呪術スクロール,永遠の光,,,,,,,,,,,,,,,,,,,
忘れられた島フィールド,アリゲーターFI,グリーンポーション,強化グリーンポーション,ブレイブポーション,エルヴンワッフル,ウィズダムポーション,ブルーポーション,エヴァの遺産,ハルパスの執念,ブランクスクロールlv1,ブランクスクロールlv2,ブランクスクロールlv4,ブランクスクロールlv5,永遠の光,,,,,,,,,,,,,,,,,,,,,
忘れられた島フィールド,インプエルダーFI,グリーンポーション,強化グリーンポーション,ブレイブポーション,エルヴンワッフル,ウィズダムポーション,ブルーポーション,マーブルの遺産,ハルパスの執念,ブランクスクロールlv1,ブランクスクロールlv2,ブランクスクロールlv4,ブランクスクロールlv5,古代人の錬金術スクロール,古代人の呪術スクロール,永遠の光,,,,,,,,,,,,,,,,,,,
忘れられた島フィールド,ウェアウルフFI,グリーンポーション,強化グリーンポーション,ブレイブポーション,エルヴンワッフル,ウィズダムポーション,ブルーポーション,ファアグリオの遺産,ハルパスの執念,ブランクスクロールlv1,ブランクスクロールlv2,ブランクスクロールlv4,ブランクスクロールlv5,永遠の光,,,,,,,,,,,,,,,,,,,,,
忘れられた島フィールド,ライカンスロープFI,グリーンポーション,強化グリーンポーション,ブレイブポーション,エルヴンワッフル,ウィズダムポーション,ブルーポーション,ファアグリオの遺産,ハルパスの執念,ブランクスクロールlv1,ブランクスクロールlv2,ブランクスクロールlv4,ブランクスクロールlv5,永遠の光,,,,,,,,,,,,,,,,,,,,,
忘れられた島フィールド,ダークエルフFI,グリーンポーション,強化グリーンポーション,ブレイブポーション,エルヴンワッフル,ウィズダムポーション,ブルーポーション,サイハの遺産,ハルパスの執念,ブランクスクロールlv1,ブランクスクロールlv2,ブランクスクロールlv4,ブランクスクロールlv5,古代人の錬金術スクロール,古代人の呪術スクロール,永遠の光,古代精霊の水晶,,,,,,,,,,,,,,,,,,
忘れられた島フィールド,バグベアーFI,グリーンポーション,強化グリーンポーション,ブレイブポーション,エルヴンワッフル,ウィズダムポーション,ブルーポーション,ファアグリオの遺産,ハルパスの執念,ブランクスクロールlv1,ブランクスクロールlv2,ブランクスクロールlv4,ブランクスクロールlv5,永遠の光,,,,,,,,,,,,,,,,,,,,,
忘れられた島フィールド,ゴーレムガーディアン赤,グリーンポーション,強化グリーンポーション,ブレイブポーション,エルヴンワッフル,ウィズダムポーション,ブルーポーション,マーブルの遺産,ハルパスの執念,ブランクスクロールlv1,ブランクスクロールlv2,ブランクスクロールlv4,ブランクスクロールlv5,永遠の光,古代岩石,,,,,,,,,,,,,,,,,,,,
忘れられた島フィールド,ゴーレムガーディアン青,グリーンポーション,強化グリーンポーション,ブレイブポーション,エルヴンワッフル,ウィズダムポーション,ブルーポーション,マーブルの遺産,ハルパスの執念,ブランクスクロールlv1,ブランクスクロールlv2,ブランクスクロールlv4,ブランクスクロールlv5,永遠の光,古代岩石,,,,,,,,,,,,,,,,,,,,
忘れられた島フィールド,ゴーレムガーディアン黄,グリーンポーション,強化グリーンポーション,ブレイブポーション,エルヴンワッフル,ウィズダムポーション,ブルーポーション,マーブルの遺産,ハルパスの執念,ブランクスクロールlv1,ブランクスクロールlv2,ブランクスクロールlv4,ブランクスクロールlv5,永遠の光,古代岩石,,,,,,,,,,,,,,,,,,,,
忘れられた島フィールド,ゴーレムガーディアン緑,グリーンポーション,強化グリーンポーション,ブレイブポーション,エルヴンワッフル,ウィズダムポーション,ブルーポーション,マーブルの遺産,ハルパスの執念,ブランクスクロールlv1,ブランクスクロールlv2,ブランクスクロールlv4,ブランクスクロールlv5,永遠の光,古代岩石,,,,,,,,,,,,,,,,,,,,
忘れられた島フィールド,ハーピーFI,グリーンポーション,強化グリーンポーション,ブレイブポーション,エルヴンワッフル,ウィズダムポーション,ブルーポーション,サイハの遺産,ハルパスの執念,ブランクスクロールlv1,ブランクスクロールlv2,ブランクスクロールlv4,ブランクスクロールlv5,古代人の錬金術スクロール,古代人の呪術スクロール,永遠の光,,,,,,,,,,,,,,,,,,,
忘れられた島フィールド,ミノタウルス斧,グリーンポーション,強化グリーンポーション,ブレイブポーション,エルヴンワッフル,ウィズダムポーション,ブルーポーション,ファアグリオの遺産,ハルパスの執念,ブランクスクロールlv1,ブランクスクロールlv2,ブランクスクロールlv4,ブランクスクロールlv5,古代人の錬金術スクロール,古代人の呪術スクロール,永遠の光,古代の魔物の皮,,,,,,,,,,,,,,,,,,
忘れられた島フィールド,ミノタウルスメイス,グリーンポーション,強化グリーンポーション,ブレイブポーション,エルヴンワッフル,ウィズダムポーション,ブルーポーション,ファアグリオの遺産,ハルパスの執念,ブランクスクロールlv1,ブランクスクロールlv2,ブランクスクロールlv4,ブランクスクロールlv5,古代人の錬金術スクロール,古代人の呪術スクロール,永遠の光,古代の魔物の皮,,,,,,,,,,,,,,,,,,
忘れられた島フィールド,ミノタウルスゴーレム斧,グリーンポーション,強化グリーンポーション,ブレイブポーション,エルヴンワッフル,ウィズダムポーション,ブルーポーション,ファアグリオの遺産,ハルパスの執念,ブランクスクロールlv1,ブランクスクロールlv2,ブランクスクロールlv4,ブランクスクロールlv5,古代人の錬金術スクロール,古代人の呪術スクロール,永遠の光,古代岩石,,,,,,,,,,,,,,,,,,
忘れられた島フィールド,ミノタウルスゴーレムメイス,グリーンポーション,強化グリーンポーション,ブレイブポーション,エルヴンワッフル,ウィズダムポーション,ブルーポーション,ファアグリオの遺産,ハルパスの執念,ブランクスクロールlv1,ブランクスクロールlv2,ブランクスクロールlv4,ブランクスクロールlv5,古代人の錬金術スクロール,古代人の呪術スクロール,永遠の光,古代岩石,,,,,,,,,,,,,,,,,,
忘れられた島フィールド,ガーストFI,グリーンポーション,強化グリーンポーション,ブレイブポーション,エルヴンワッフル,ウィズダムポーション,ブルーポーション,ファアグリオの遺産,ハルパスの執念,ブランクスクロールlv1,ブランクスクロールlv2,ブランクスクロールlv4,ブランクスクロールlv5,古代人の錬金術スクロール,古代人の呪術スクロール,永遠の光,,,,,,,,,,,,,,,,,,,
忘れられた島フィールド,ドッペルゲンガーFI,グリーンポーション,強化グリーンポーション,ブレイブポーション,エルヴンワッフル,ウィズダムポーション,ブルーポーション,ファアグリオの遺産,ハルパスの執念,ブランクスクロールlv1,ブランクスクロールlv2,ブランクスクロールlv4,ブランクスクロールlv5,永遠の光,古代の技術書,,,,,,,,,,,,,,,,,,,,
忘れられた島フィールド,ラミア青FI,グリーンポーション,強化グリーンポーション,ブレイブポーション,エルヴンワッフル,ウィズダムポーション,ブルーポーション,マーブルの遺産,ハルパスの執念,ブランクスクロールlv1,ブランクスクロールlv2,ブランクスクロールlv4,ブランクスクロールlv5,永遠の光,,,,,,,,,,,,,,,,,,,,,
忘れられた島フィールド,ラミア緑FI,グリーンポーション,強化グリーンポーション,ブレイブポーション,エルヴンワッフル,ウィズダムポーション,ブルーポーション,エヴァの遺産,ハルパスの執念,ブランクスクロールlv1,ブランクスクロールlv2,ブランクスクロールlv4,ブランクスクロールlv5,永遠の光,,,,,,,,,,,,,,,,,,,,,
忘れられた島フィールド,ジャイアントクロコダイルFI,グリーンポーション,強化グリーンポーション,ブレイブポーション,エルヴンワッフル,ウィズダムポーション,ブルーポーション,エヴァの遺産,ハルパスの執念,ブランクスクロールlv1,ブランクスクロールlv2,ブランクスクロールlv4,ブランクスクロールlv5,古代人の錬金術スクロール,古代人の呪術スクロール,永遠の光,,,,,,,,,,,,,,,,,,,
忘れられた島フィールド,ガーストロードFI,グリーンポーション,強化グリーンポーション,ブレイブポーション,エルヴンワッフル,ウィズダムポーション,ブルーポーション,マーブルの遺産,ハルパスの執念,ブランクスクロールlv1,ブランクスクロールlv2,ブランクスクロールlv4,ブランクスクロールlv5,古代人の錬金術スクロール,祝福された古代人の錬金術スクロール,古代人の呪術スクロール,祝福された古代人の呪術スクロール,永遠の光,古代の闇精霊の水晶,,,,,,,,,,,,,,,,
忘れられた島フィールド,キングバグベアーFI,グリーンポーション,強化グリーンポーション,ブレイブポーション,エルヴンワッフル,ウィズダムポーション,ブルーポーション,ファアグリオの遺産,ハルパスの執念,ブランクスクロールlv1,ブランクスクロールlv2,ブランクスクロールlv4,ブランクスクロールlv5,古代人の錬金術スクロール,古代人の呪術スクロール,永遠の光,古代の魔物の皮,,,,,,,,,,,,,,,,,,
忘れられた島フィールド,ブルートFI,グリーンポーション,強化グリーンポーション,ブレイブポーション,エルヴンワッフル,ウィズダムポーション,ブルーポーション,マーブルの遺産,ハルパスの執念,ブランクスクロールlv1,ブランクスクロールlv2,ブランクスクロールlv4,ブランクスクロールlv5,古代人の錬金術スクロール,古代人の呪術スクロール,永遠の光,古代の魔物の皮,古代のオーラ,,,,,,,,,,,,,,,,,
忘れられた島フィールド,サイクロプスFI,グリーンポーション,強化グリーンポーション,ブレイブポーション,エルヴンワッフル,ウィズダムポーション,ブルーポーション,マーブルの遺産,ハルパスの執念,ブランクスクロールlv1,ブランクスクロールlv2,ブランクスクロールlv4,ブランクスクロールlv5,古代人の錬金術スクロール,古代人の呪術スクロール,永遠の光,古代の魔物の皮,古代の魔法書,,,,,,,,,,,,,,,,,
ゴーレム研究所,タイタンゴーレム,古代岩石のマント,古代岩石のグローブ,古代岩石のブーツ,古代岩石のゲートル,グリーンポーション,強化グリーンポーション,ブレイブポーション,エルヴンワッフル,ウィズダムポーション,ブルーポーション,マーブルの遺産,ハルパスの執念,ブランクスクロールlv1,ブランクスクロールlv2,ブランクスクロールlv4,ブランクスクロールlv5,古代人の錬金術スクロール,祝福された古代人の錬金術スクロール,古代人の呪術スクロール,祝福された古代人の呪術スクロール,古代岩石,,,,,,,,,,,,,
ゴーレム研究所,ゴーレムガーディアン透明,グリーンポーション,強化グリーンポーション,ブレイブポーション,エルヴンワッフル,ウィズダムポーション,ブルーポーション,ハルパスの執念,ブランクスクロールlv1,ブランクスクロールlv2,ブランクスクロールlv4,ブランクスクロールlv5,古代人の錬金術スクロール,古代人の呪術スクロール,永遠の光,,,,,,,,,,,,,,,,,,,,
ゴーレム研究所,ミノタウルスゴーレム斧,,,,,,,,,,,,,,,,,,,,,,,,,,,,,,,,,,
ゴーレム研究所,ミノタウルスゴーレムメイス,,,,,,,,,,,,,,,,,,,,,,,,,,,,,,,,,,
ゴーレム研究所,クリッピングクロウFI,グリーンポーション,強化グリーンポーション,ブレイブポーション,エルヴンワッフル,ウィズダムポーション,ブルーポーション,ファアグリオの遺産,ハルパスの執念,ブランクスクロールlv1,ブランクスクロールlv2,ブランクスクロールlv4,ブランクスクロールlv5,永遠の光,古代の動物の皮,,,,,,,,,,,,,,,,,,,,
ゴーレム研究所,ゴーレムガーディアン赤,,,,,,,,,,,,,,,,,,,,,,,,,,,,,,,,,,
ゴーレム研究所,ゴーレムガーディアン青,,,,,,,,,,,,,,,,,,,,,,,,,,,,,,,,,,
ゴーレム研究所,ゴーレムガーディアン黄,,,,,,,,,,,,,,,,,,,,,,,,,,,,,,,,,,
ゴーレム研究所,ゴーレムガーディアン緑,,,,,,,,,,,,,,,,,,,,,,,,,,,,,,,,,,
ゴーレム研究所,ゴーレムガーディアン土,グリーンポーション,強化グリーンポーション,ブレイブポーション,エルヴンワッフル,ウィズダムポーション,ブルーポーション,マーブルの遺産,ハルパスの執念,ブランクスクロールlv1,ブランクスクロールlv2,ブランクスクロールlv4,ブランクスクロールlv5,古代岩石,古代人の呪術スクロール,永遠の光,,,,,,,,,,,,,,,,,,,
火竜の棲家,フェニックス,知恵のブーツ,祝福された知恵のブーツ,光るサイハのアミュレット,武器強化スクロール,祝福された武器強化スクロール,防具強化スクロール,祝福された防具強化スクロール,火炎の気,ピュアエリクサー,ハルパスの執念,アデナ,アディショナルファイアー,ハリケーン,ファイアーストーム,メテオストライク,力を失ったドラゴンの心臓,力を失った光るサイハのアミュレット,力を失ったハリケーン,力を失ったメテオストライク,,,,,,,,,,,,,,,
火竜の棲家,イフリート,刀,プレートメイル,武器強化スクロール,祝福された武器強化スクロール,防具強化スクロール,祝福された防具強化スクロール,ブランクスクロールlv4,ブランクスクロールlv5,メイプルワンド,ファアグリオの遺産,火炎の気,ハルパスの執念,ソウルオブフレイム,マグマブレス,タイタンロック,力を失ったソウルオブフレイム,力を失ったタイタンロック,,,,,,,,,,,,,,,,,
火竜の棲家,ボムフラワー,火霊のイヤリング,ハルパスの執念,,,,,,,,,,,,,,,,,,,,,,,,,,,,,,,,
火竜の棲家,ドラゴンフライ,ブルーポーション,防具強化スクロール,ルビー,火炎の気,ハルパスの執念,アデナ,,,,,,,,,,,,,,,,,,,,,,,,,,,,
火竜の棲家,サラマンダー,ダークベルト,ルビー,高級ルビー,最高級ルビー,火山灰,バーニングレザー,火炎の気,ハルパスの執念,アデナ,アディショナルファイアー,,,,,,,,,,,,,,,,,,,,,,,,
火竜の棲家,ホーンケルベロス,ファイアーグローブ,祝福された防具強化スクロール,ルビー,高級ルビー,最高級ルビー,バーニングレザー,火炎の気,ハルパスの執念,アデナ,サンバースト,覚醒ヴァラカス,,,,,,,,,,,,,,,,,,,,,,,
火竜の棲家,バーニングウォリアー,アイアンプレートメイル,ファイアーグローブ,ブレイブポーション,ルビー,高級ルビー,最高級ルビー,欠けたフレイムリング,火炎の気,ハルパスの執念,アデナ,バーニングウェポン,,,,,,,,,,,,,,,,,,,,,,,
火竜の棲家,バーニングアーチャー,ハンターボウ,破壊のロングボウ,祝福された破壊のロングボウ,ファイアーグローブ,アイアンブーツ,エルヴンワッフル,ルビー,高級ルビー,最高級ルビー,欠けたフレイムリング,火炎の気,ハルパスの執念,アデナ,ハリケーン,ドレスデクスタリティー,力を失った破壊のロングボウ,力を失ったハリケーン,,,,,,,,,,,,,,,,,
火竜の棲家,ファイアスピリット,テレポートスクロール,変身スクロール,祝福された武器強化スクロール,火炎の気,ハルパスの執念,エレメンタルファイアー,サンバースト,,,,,,,,,,,,,,,,,,,,,,,,,,,
火竜の棲家,アシタジオ,烈空のTシャツ,クリスタルプレートメイル,ファイアーグローブ,武器強化スクロール,ルビー,高級ルビー,最高級ルビー,アシタジオの灰,バーニングレザー,欠けたフレイムリング,火炎の気,ハルパスの執念,アデナ,力を失った闘志のアミュレット,,,,,,,,,,,,,,,,,,,,
火竜の棲家,ラヴァゴーレム,ツーハンドソード,バンデッドメイル,ファイアーグローブ,ストーングローブ,ルビー,高級ルビー,最高級ルビー,火山灰,火炎の気,ハルパスの執念,アデナ,マグマブレス,ダイアゴーレム,力を失ったストーングローブ,,,,,,,,,,,,,,,,,,,,
火竜の棲家,マグマゴーレム,バンデッドメイル,ファイアーグローブ,体力のゲートル,ブレイブポーション,ウィズダムポーション,ルビー,高級ルビー,最高級ルビー,火山灰,火炎の気,ハルパスの執念,アデナ,マグマブレス,ダイアゴーレム,力を失ったストーングローブ,力を失ったアーマーブレイク,力を失ったタイタンロック,,,,,,,,,,,,,,,,,
ドラゴンバレー,ゼロス,知恵のブーツ,賢者のアミュレット,武器強化スクロール,祝福された武器強化スクロール,防具強化スクロール,祝福された防具強化スクロール,ゼロスの霊魂球,ピュアエリクサー,ハルパスの執念,サンドストーム,イミューントゥハーム,シェイプチェンジ,力を失ったゼロススタッフ,力を失った賢者のアミュレット,力を失ったライアリング,,,,,,,,,,,,,,,,,,,
ドラゴンバレー,グレートブラックエルダー,ブラックエルダーローブ,祝福されたブラックエルダーローブ,ブラックエルダーサンダル,祝福されたブラックエルダーサンダル,変身コントロールリング,武器強化スクロール,祝福された武器強化スクロール,防具強化スクロール,祝福された防具強化スクロール,ブランクスクロールlv5,メイプルワンド,ダークマジックパウダー,グレートブラックエルダーの箱,ピュアエリクサー,ハルパスの執念,アデナ,グレーターリザレクション,アドバンスドスピリッツ,タイタンマジック,力を失った変身支配リング,力を失ったブラックエルダーローブ,力を失ったブラックエルダーサンダル,力を失ったタイタンマジック,,,,,,,,,,,
ドラゴンバレー,ドレイク,オリハルコンダガー,祝福されたオリハルコンダガー,武器強化スクロール,祝福された武器強化スクロール,防具強化スクロール,祝福された防具強化スクロール,グリーンハッチリンの卵,イエローハッチリンの卵,ドレイクの心臓,ドレイクの卵,ドレイクの魂,怪しい箱,ピュアエリクサー,ハルパスの執念,アデナ,リデュースウェイト,タイタンロック,タイタンブリッツ,力を失ったオリハルコンダガー,力を失ったドラゴンの心臓,力を失ったタイタンロック,力を失ったタイタンブリッツ,,,,,,,,,,,,
ドラゴンバレー,シューティングスター,,,,,,,,,,,,,,,,,,,,,,,,,,,,,,,,,,
ドラゴンバレー,呪われた花,地霊のイヤリング,ハルパスの執念,,,,,,,,,,,,,,,,,,,,,,,,,,,,,,,,
ドラゴンバレー,フランティックスケルトンファイター,グレートアックス,アイアンアックス,ディヴァインマジックヘルム,防具強化スクロール,ダイアモンド,高級ダイアモンド,ハルパスの執念,アデナ,力を失った魔法防御ゲートル,,,,,,,,,,,,,,,,,,,,,,,,,
ドラゴンバレー,フランティックスケルトンガード,ルチェンハンマー,祝福されたマジッククローク,防具強化スクロール,ダイアモンド,高級ダイアモンド,ハルパスの執念,アデナ,力を失った魔法防御ゲートル,,,,,,,,,,,,,,,,,,,,,,,,,,
ドラゴンバレー,フランティックスケルトンマークスマン,ハンターボウ,破壊のロングボウ,祝福されたマジッククローク,防具強化スクロール,ダイアモンド,高級ダイアモンド,ハルパスの執念,アデナ,ドレスデクスタリティー,力を失った魔法防御ゲートル,,,,,,,,,,,,,,,,,,,,,,,,
ドラゴンバレー,クールヘッドスケルトンファイター,ディヴァインマジックヘルム,アイアンシールド,防具強化スクロール,ダイアモンド,高級ダイアモンド,ハルパスの執念,アデナ,,,,,,,,,,,,,,,,,,,,,,,,,,,
ドラゴンバレー,クールヘッドスケルトンガード,ディヴァインマジックヘルム,アイアンヘルム,防具強化スクロール,ダイアモンド,高級ダイアモンド,ハルパスの執念,アデナ,,,,,,,,,,,,,,,,,,,,,,,,,,,
ドラゴンバレー,クールヘッドスケルトンマークスマン,ハンターボウ,破壊のロングボウ,ディヴァインマジックヘルム,防具強化スクロール,ダイアモンド,高級ダイアモンド,ハルパスの執念,アデナ,ドレスデクスタリティー,,,,,,,,,,,,,,,,,,,,,,,,,
ドラゴンバレー,ジャイアントオーガ,グレートアックス,魔法のヘルム力,スプリントメイル,腕力のブーツ,オーガベルト,ダイアモンド,高級ダイアモンド,マーブルの遺産,オーガの血,封印されたテンペストアックス,ハルパスの執念,アデナ,アイアンスキン,力を失った腕力のリング,,,,,,,,,,,,,,,,,,,,
ドラゴンバレー,ジャイアントコカトリス,アイアンプレートメイル,リフレクションシールド,武器強化スクロール,ダイアモンド,高級ダイアモンド,マーブルの遺産,ハルパスの執念,アデナ,サンドストーム,イラプション,シェイプチェンジ,,,,,,,,,,,,,,,,,,,,,,,
雪山,ビッグフットマーヨ,ダークソード,アイスクイーンスタッフ,極寒のチェーンソード,冷寒のキーリンク,クリスタルプレートメイル,弓射手のグローブ,武器強化スクロール,祝福された武器強化スクロール,防具強化スクロール,祝福された防具強化スクロール,ピュアエリクサー,ハルパスの執念,アデナ,フォカスウェーブ,アイススパイク,力を失ったアイスクイーンスタッフ,力を失った極寒のチェーンソード,力を失った冷寒のキーリンク,力を失ったアーマーブレイク,,,,,,,,,,,,,,,
雪山,情熱のシャーベット,ダークグローブ,グリーンポーション,ブルーポーション,エヴァの遺産,ハルパスの執念,アデナ,アイスランス,ブリザード,,,,,,,,,,,,,,,,,,,,,,,,,,
雪山,凍りついた花,水霊のイヤリング,ハルパスの執念,,,,,,,,,,,,,,,,,,,,,,,,,,,,,,,,
雪山,スノーマン,サファイア,高級サファイア,エヴァの遺産,アデナ,,,,,,,,,,,,,,,,,,,,,,,,,,,,,,
雪山,イエティ,シルバーアックス,アイアングローブ,エルヴンワッフル,サファイア,高級サファイア,アデナ,アイススパイク,,,,,,,,,,,,,,,,,,,,,,,,,,,
雪山,アイスマン雪,アイアングローブ,ブルーポーション,サファイア,高級サファイア,エヴァの遺産,アデナ,,,,,,,,,,,,,,,,,,,,,,,,,,,,
雪山,アイスマン氷,アイアングローブ,ブルーポーション,サファイア,高級サファイア,エヴァの遺産,アデナ,フォーカスウェーブ,アイスランス,ブリザード,,,,,,,,,,,,,,,,,,,,,,,,,
雪山,サーベルタイガー,エルヴンワッフル,ブルーポーション,サファイア,高級サファイア,エヴァの遺産,アデナ,,,,,,,,,,,,,,,,,,,,,,,,,,,,
雪山,アイスゴーレム,アイアンヘルム,アイアンプレートメイル,アイアングローブ,アイアンシールド,クリスタルグローブ,ブルーポーション,サファイア,高級サファイア,エヴァの遺産,アデナ,ダイアゴーレム,,,,,,,,,,,,,,,,,,,,,,,
雪山,アイアンゴーレム,アイアンヘルム,アイアンプレートメイル,アイアングローブ,アイアンシールド,ストーングローブ,高級サファイア,最高級サファイア,エヴァの遺産,アデナ,ダイアゴーレム,力を失ったストーングローブ,,,,,,,,,,,,,,,,,,,,,,,
風竜の棲家,恐怖のリンドビオル,サイハの弓,ホワイトドラゴンスケイルメイル,祝福された風のマント,祝福されたウィンドリング,武器強化スクロール,祝福された武器強化スクロール,防具強化スクロール,祝福された防具強化スクロール,エメラルド,高級エメラルド,最高級エメラルド,サイハの遺産,グリーンハッチリンの卵,イエローハッチリンの卵,封印された風竜の魔眼,祝福されたリンドビオルの鱗,祝福されたリンドビオルの骨,祝福されたリンドビオルの欠けた爪,祝福されたリンドビオルの血,祝福されたリンドビオルの肉,祝福されたリンドビオルの牙,祝福されたリンドビオルの眼,祝福されたリンドビオルの心臓,祝福された風竜の輝くルーンストーン,ハルパスの執念,ピュアエリクサー,ストライカーゲイル,ライトニングストーム,力を失ったストライカーゲイル,,,,,
風竜の棲家,マイノシャーマン,ウィンドグローブ,射手のリング,武器強化スクロール,祝福された武器強化スクロール,防具強化スクロール,祝福された防具強化スクロール,欠けたウィンドリング,封印されたラフィアンアックス,ピュアエリクサー,ハルパスの執念,力を失った射手のリング,,,,,,,,,,,,,,,,,,,,,,,
風竜の棲家,風竜のセターレン,ホワイトドラゴンスケイルメイル,射手のリング,武器強化スクロール,祝福された武器強化スクロール,防具強化スクロール,祝福された防具強化スクロール,欠けたウィンドリング,ピュアエリクサー,ハルパスの執念,ストームアイ,ストームショット,力を失った光るサイハのアミュレット,力を失った射手のリング,,,,,,,,,,,,,,,,,,,,,
風竜の棲家,風の花,風霊のイヤリング,ハルパスの執念,,,,,,,,,,,,,,,,,,,,,,,,,,,,,,,,
風竜の棲家,ノール,ウィンドグローブ,エメラルド,高級エメラルド,サイハの遺産,アデナ,,,,,,,,,,,,,,,,,,,,,,,,,,,,,
風竜の棲家,スティンガーキラービー,エメラルド,高級エメラルド,サイハの遺産,イーグルアイ,,,,,,,,,,,,,,,,,,,,,,,,,,,,,,
風竜の棲家,ハーピー,エメラルド,高級エメラルド,サイハの遺産,アデナ,ホーリーウォーク,,,,,,,,,,,,,,,,,,,,,,,,,,,,,
風竜の棲家,ペルペル,フォーススタッフ,ウィンドグローブ,エメラルド,高級エメラルド,サイハの遺産,欠けたウィンドリング,アデナ,,,,,,,,,,,,,,,,,,,,,,,,,,,
風竜の棲家,フェリコール,ウィンドグローブ,武器強化スクロール,エメラルド,高級エメラルド,サイハの遺産,欠けたウィンドリング,アデナ,ストームアイ,,,,,,,,,,,,,,,,,,,,,,,,,,
風竜の棲家,ブルーハーピー,エメラルド,高級エメラルド,最高級エメラルド,サイハの遺産,欠けたウィンドリング,アデナ,ストームショット,ホーリーウォーク,,,,,,,,,,,,,,,,,,,,,,,,,,
風竜の棲家,マイノ,レイジングウィンド,ウィンドグローブ,祝福された防具強化スクロール,エメラルド,高級エメラルド,最高級エメラルド,欠けたウィンドリング,アデナ,,,,,,,,,,,,,,,,,,,,,,,,,,
風竜の棲家,ワイバーン,オリハルコンダガー,機敏のブーツ,機敏のリング,防具強化スクロール,祝福された防具強化スクロール,エメラルド,高級エメラルド,最高級エメラルド,欠けたウィンドリング,アデナ,イーグルアイ,ストライカーゲイル,力を失ったオリハルコンダガー,力を失った機敏のリング,力を失ったストライカーゲイル,,,,,,,,,,,,,,,,,,,
風竜の棲家,ユニドラゴン風,サイハの遺産,グリーンハッチリンの卵,イエローハッチリンの卵,ホワイトドラゴンの鱗,アデナ,,,,,,,,,,,,,,,,,,,,,,,,,,,,,
風竜の棲家,テラドラゴン風,サイハの遺産,グリーンハッチリンの卵,イエローハッチリンの卵,ホワイトドラゴンの鱗,アデナ,トルネード,,,,,,,,,,,,,,,,,,,,,,,,,,,,
TIC1F,腐食したスケルトンファイター,変身スクロール,修練者の武器強化スクロール,修練者の防具強化スクロール,ハルパスの執念,,,,,,,,,,,,,,,,,,,,,,,,,,,,,,
TIC1F,腐食したスケルトンガード,修練者の武器強化スクロール,修練者の防具強化スクロール,ハルパスの執念,,,,,,,,,,,,,,,,,,,,,,,,,,,,,,,
TIC1F,腐食したスケルトンマークスマン,ブレイブポーション,修練者の武器強化スクロール,修練者の防具強化スクロール,ハルパスの執念,,,,,,,,,,,,,,,,,,,,,,,,,,,,,,
TIC2F,バフォメット,ビショップスタッフ,ジェネラルヘルム,ビショップサークレット,ジェネラルアーマー,ビショップローブ,バフォメットアーマー,ジェネラルマント,ビショップクローク,ジェネラルグローブ,ビショップグローブ,ジェネラルブーツ,ビショップブーツ,ビショップブック,テレポートコントロールリング,武器強化スクロール,祝福された武器強化スクロール,防具強化スクロール,祝福された防具強化スクロール,黒い血痕,魔力を失ったバフォメットスタッフ,ゴールデンキー,ピュアエリクサー,ハルパスの執念,アデナ,ダークネス,リザレクション,力を失ったバフォメットスタッフ,,,,,,,
TIC2F,腐食したスケルトンファイター,,,,,,,,,,,,,,,,,,,,,,,,,,,,,,,,,,
TIC2F,腐食したスケルトンガード,,,,,,,,,,,,,,,,,,,,,,,,,,,,,,,,,,
TIC2F,腐食したスケルトンマークスマン,,,,,,,,,,,,,,,,,,,,,,,,,,,,,,,,,,
TIC2F,腐食したゾンビパイクマン,強化グリーンポーション,修練者の武器強化スクロール,修練者の防具強化スクロール,ハルパスの執念,,,,,,,,,,,,,,,,,,,,,,,,,,,,,,
TIC2F,腐食したゾンビウィザード,変身スクロール,修練者の武器強化スクロール,修練者の防具強化スクロール,ハルパスの執念,,,,,,,,,,,,,,,,,,,,,,,,,,,,,,
TIC2F,腐食したゾンビジェネラル,ブレイブポーション,修練者の武器強化スクロール,修練者の防具強化スクロール,ハルパスの執念,,,,,,,,,,,,,,,,,,,,,,,,,,,,,,
デビルロード,クリッピングクロウ,グローブ,ソウルクリスタルデスナイト,ハルパスの執念,,,,,,,,,,,,,,,,,,,,,,,,,,,,,,,
デビルロード,ゾンビDL,強化グリーンポーション,修練者の武器強化スクロール,修練者の防具強化スクロール,ハルパスの執念,,,,,,,,,,,,,,,,,,,,,,,,,,,,,,
ブラックバトルシップ1F,ブラックナイト兵士槍,ハルバート,タワーシールド,マイナーボディベルト,グリーンポーション,ブレイブポーション,防具強化スクロール,ハルパスの執念,アデナ,修練者のレッドポーション,修練者の強化グリーンポーション,修練者のウィズダムポーション,修練者のイビルブラッド,修練者のブレイブポーション,修練者のエルヴンワッフル,修練者のユグドラの実,修練者の精霊の玉,修練者の魔力の石,修練者のダークストーン,修練者の復刻のボーンピース,修練者の属性石,修練者の確認スクロール,修練者の変身スクロール,修練者の復活スクロール,修練者の武器強化スクロール,修練者の防具強化スクロール,リダクションアーマー,バウンスアタック,力を失った反逆者の盾,,,,,,
ブラックバトルシップ1F,ブラックナイト兵士WIZ,武器強化スクロール,ハルパスの執念,アデナ,修練者のレッドポーション,修練者の強化グリーンポーション,修練者のウィズダムポーション,修練者のイビルブラッド,修練者のブレイブポーション,修練者のエルヴンワッフル,修練者のユグドラの実,修練者の精霊の玉,修練者の魔力の石,修練者のダークストーン,修練者の復刻のボーンピース,修練者の属性石,修練者の確認スクロール,修練者の変身スクロール,修練者の復活スクロール,修練者の武器強化スクロール,修練者の防具強化スクロール,ダークネス,キャンセレーション,ホーリーウォーク,,,,,,,,,,,
ブラックバトルシップ2F,ブラックナイトサブチーフ,ジェネラルソード,ジェネラルヘルム,ジェネラルアーマー,ジェネラルグローブ,ジェネラルブーツ,ジェネラルマント,ジェネラルシールド,タワーシールド,武器強化スクロール,祝福された武器強化スクロール,防具強化スクロール,祝福された防具強化スクロール,ピュアエリクサー,ハルパスの執念,アデナ,,,,,,,,,,,,,,,,,,,
ブラックバトルシップ2F,ブラックナイト近衛兵,ハルバート,ジェネラルアーマー,ジェネラルブーツ,反逆者の盾,グリーンポーション,ブレイブポーション,防具強化スクロール,ハルパスの執念,アデナ,修練者のレッドポーション,修練者の強化グリーンポーション,修練者のウィズダムポーション,修練者のイビルブラッド,修練者のブレイブポーション,修練者のエルヴンワッフル,修練者のユグドラの実,修練者の精霊の玉,修練者の魔力の石,修練者のダークストーン,修練者の復刻のボーンピース,修練者の属性石,修練者の確認スクロール,修練者の変身スクロール,修練者の復活スクロール,修練者の武器強化スクロール,修練者の防具強化スクロール,リダクションアーマー,ソリッドキャリッジ,バウンスアタック,力を失った反逆者の盾,,,,
ブラックバトルシップ2F,ブラックナイト暗殺者,ジェネラルヘルム,ジェネラルグローブ,ジェネラルマント,武器強化スクロール,ハルパスの執念,アデナ,修練者のレッドポーション,修練者の強化グリーンポーション,修練者のウィズダムポーション,修練者のイビルブラッド,修練者のブレイブポーション,修練者のエルヴンワッフル,修練者のユグドラの実,修練者の精霊の玉,修練者の魔力の石,修練者のダークストーン,修練者の復刻のボーンピース,修練者の属性石,修練者の確認スクロール,修練者の変身スクロール,修練者の復活スクロール,修練者の武器強化スクロール,修練者の防具強化スクロール,エンチャントベノム,ベノムレジスト,,,,,,,,,
ブラックバトルシップ2F,ブラックナイトスナイパー,ビショップサークレット,ビショップグローブ,ビショップクローク,防具強化スクロール,ハルパスの執念,アデナ,修練者のレッドポーション,修練者の強化グリーンポーション,修練者のウィズダムポーション,修練者のイビルブラッド,修練者のブレイブポーション,修練者のエルヴンワッフル,修練者のユグドラの実,修練者の精霊の玉,修練者の魔力の石,修練者のダークストーン,修練者の復刻のボーンピース,修練者の属性石,修練者の確認スクロール,修練者の変身スクロール,修練者の復活スクロール,修練者の武器強化スクロール,修練者の防具強化スクロール,ネイチャーズタッチ,,,,,,,,,,
ブラックバトルシップ2F,ブラックナイトウィザード,ビショップローブ,ビショップブーツ,ビショップブック,マジッククローク武器強化スクロール,ハルパスの執念,アデナ,修練者のレッドポーション,修練者の強化グリーンポーション,修練者のウィズダムポーション,修練者のイビルブラッド,修練者のブレイブポーション,修練者のエルヴンワッフル,修練者のユグドラの実,修練者の精霊の玉,修練者の魔力の石,修練者のダークストーン,修練者の復刻のボーンピース,修練者の属性石,修練者の確認スクロール,修練者の変身スクロール,修練者の復活スクロール,修練者の武器強化スクロール,修練者の防具強化スクロール,ダークネス,キャンセレーション,ホーリーウォーク,,,,,,,,
ブラックバトルシップ3F,カーツの副官,武器強化スクロール,祝福された武器強化スクロール,防具強化スクロール,祝福された防具強化スクロール,ハルパスの執念,アデナ,力を失ったカーツヘルム,力を失ったカーツアーマー,力を失ったカーツグローブ,力を失ったカーツブーツ,,,,,,,,,,,,,,,,,,,,,,,,
ブラックバトルシップ3F,ブラックナイト近衛兵,,,,,,,,,,,,,,,,,,,,,,,,,,,,,,,,,,
ブラックバトルシップ3F,ブラックナイト暗殺者,,,,,,,,,,,,,,,,,,,,,,,,,,,,,,,,,,
ブラックバトルシップ3F,ブラックナイトスナイパー,,,,,,,,,,,,,,,,,,,,,,,,,,,,,,,,,,
ブラックバトルシップ3F,ブラックナイトウィザード,,,,,,,,,,,,,,,,,,,,,,,,,,,,,,,,,,
ブラックバトルシップ3F,ブラックナイトガーディアン,マジックヘルム,アイアンゲートル,武器強化スクロール,防具強化スクロール,ハルパスの執念,アデナ,修練者のレッドポーション,修練者の強化グリーンポーション,修練者のウィズダムポーション,修練者のイビルブラッド,修練者のブレイブポーション,修練者のエルヴンワッフル,修練者のユグドラの実,修練者の精霊の玉,修練者の魔力の石,修練者のダークストーン,修練者の復刻のボーンピース,修練者の属性石,修練者の確認スクロール,修練者の変身スクロール,修練者の復活スクロール,修練者の武器強化スクロール,修練者の防具強化スクロール,,,,,,,,,,,
クリスタルケイブ,アイスキューブ,迅速体力回復剤,迅速高級体力回復剤,迅速強力体力回復剤,祝福されたテレポートスクロール,火炎の気,ピュアエリクサー,,,,,,,,,,,,,,,,,,,,,,,,,,,,
クリスタルケイブPriKniWarDrk,冷寒のライカンスロープ,凍りついた女の涙,,,,,,,,,,,,,,,,,,,,,,,,,,,,,,,,,
クリスタルケイブPriKniWarDrk,冷寒のサーベルタイガー,凍りついた女の涙,,,,,,,,,,,,,,,,,,,,,,,,,,,,,,,,,
クリスタルケイブPriKniWarDrk,冷寒のスライム,,,,,,,,,,,,,,,,,,,,,,,,,,,,,,,,,,
クリスタルケイブPriKniWarDrk,アイスクイーンの近衛兵槍,凍りついた女の涙,,,,,,,,,,,,,,,,,,,,,,,,,,,,,,,,,
クリスタルケイブPriKniWarDrk,アイスクイーンの近衛兵弓,凍りついた女の涙,,,,,,,,,,,,,,,,,,,,,,,,,,,,,,,,,
クリスタルケイブPriKniWarDrk,冷寒のマモン,凍りついた女の涙,,,,,,,,,,,,,,,,,,,,,,,,,,,,,,,,,
クリスタルケイブElfWiz,冷寒のアイスゴーレム,凍りついた女の涙,,,,,,,,,,,,,,,,,,,,,,,,,,,,,,,,,
クリスタルケイブElfWiz,冷寒のアイアンゴーレム,凍りついた女の涙,,,,,,,,,,,,,,,,,,,,,,,,,,,,,,,,,
クリスタルケイブElfWiz,冷寒のスノーマン,凍りついた女の涙,,,,,,,,,,,,,,,,,,,,,,,,,,,,,,,,,
クリスタルケイブElfWiz,冷寒のスライム,,,,,,,,,,,,,,,,,,,,,,,,,,,,,,,,,,
クリスタルケイブElfWiz,アイスクイーンの近衛兵槍,,,,,,,,,,,,,,,,,,,,,,,,,,,,,,,,,,
クリスタルケイブElfWiz,アイスクイーンの近衛兵弓,,,,,,,,,,,,,,,,,,,,,,,,,,,,,,,,,,
クリスタルケイブElfWiz,冷寒のマモン,,,,,,,,,,,,,,,,,,,,,,,,,,,,,,,,,,
クリスタルケイブDeILL,冷寒のオウルベアー,凍りついた女の涙,,,,,,,,,,,,,,,,,,,,,,,,,,,,,,,,,
クリスタルケイブDeILL,冷寒のイエティ,凍りついた女の涙,,,,,,,,,,,,,,,,,,,,,,,,,,,,,,,,,
クリスタルケイブDeILL,冷寒のスコーピオン,凍りついた女の涙,,,,,,,,,,,,,,,,,,,,,,,,,,,,,,,,,
クリスタルケイブDeILL,冷寒のスライム,,,,,,,,,,,,,,,,,,,,,,,,,,,,,,,,,,
クリスタルケイブDeILL,アイスクイーンの近衛兵槍,,,,,,,,,,,,,,,,,,,,,,,,,,,,,,,,,,
クリスタルケイブDeILL,アイスクイーンの近衛兵弓,,,,,,,,,,,,,,,,,,,,,,,,,,,,,,,,,,
クリスタルケイブDeILL,冷寒のマモン,,,,,,,,,,,,,,,,,,,,,,,,,,,,,,,,,,
クリスタルケイブ2F,冷寒のライカンスロープ,,,,,,,,,,,,,,,,,,,,,,,,,,,,,,,,,,
クリスタルケイブ2F,冷寒のサーベルタイガー,,,,,,,,,,,,,,,,,,,,,,,,,,,,,,,,,,
クリスタルケイブ2F,冷寒のアイスゴーレム,,,,,,,,,,,,,,,,,,,,,,,,,,,,,,,,,,
クリスタルケイブ2F,冷寒のアイアンゴーレム,,,,,,,,,,,,,,,,,,,,,,,,,,,,,,,,,,
クリスタルケイブ2F,冷寒のスノーマン,,,,,,,,,,,,,,,,,,,,,,,,,,,,,,,,,,
クリスタルケイブ2F,冷寒のオウルベアー,,,,,,,,,,,,,,,,,,,,,,,,,,,,,,,,,,
クリスタルケイブ2F,冷寒のイエティ,,,,,,,,,,,,,,,,,,,,,,,,,,,,,,,,,,
クリスタルケイブ2F,冷寒のスコーピオン,,,,,,,,,,,,,,,,,,,,,,,,,,,,,,,,,,
クリスタルケイブ2F,冷寒のスライム,,,,,,,,,,,,,,,,,,,,,,,,,,,,,,,,,,
クリスタルケイブ2F,アイスクイーンの近衛兵槍,,,,,,,,,,,,,,,,,,,,,,,,,,,,,,,,,,
クリスタルケイブ2F,アイスクイーンの近衛兵弓,,,,,,,,,,,,,,,,,,,,,,,,,,,,,,,,,,
クリスタルケイブ2F,冷寒のマモン,,,,,,,,,,,,,,,,,,,,,,,,,,,,,,,,,,
ギラン監獄1F,看守長タロス,腕力のブーツ,武器強化スクロール,祝福された武器強化スクロール,防具強化スクロール,祝福された防具強化スクロール,ピュアエリクサー,ハルパスの執念,アデナ,バンディットの宝箱の鍵,タロスのダイアモンド,記憶の破片,カウンターバリア,力を失った腕力のリング,力を失ったカウンターバリア,,,,,,,,,,,,,,,,,,,,
ギラン監獄1F,ファウスト,バンデッドメイル,武器強化スクロール,祝福された武器強化スクロール,防具強化スクロール,祝福された防具強化スクロール,封印されたラフィアンアックス,封印されたテンペストアックス,ピュアエリクサー,ハルパスの執念,アデナ,バンディットの宝箱の鍵,ファウストの悪霊のイヤリング,記憶の破片,,,,,,,,,,,,,,,,,,,,,
ギラン監獄1F,ファウストの悪霊悪辣,モーニングスター,エメラルド,ハルパスの執念,アデナ,ファウストの悪霊のイヤリング,記憶の破片,パワーグリップ,,,,,,,,,,,,,,,,,,,,,,,,,,,
ギラン監獄1F,ファウストの悪霊残忍,ロングソード,エメラルド,ハルパスの執念,アデナ,ファウストの悪霊のイヤリング,記憶の破片,パワーグリップ,,,,,,,,,,,,,,,,,,,,,,,,,,,
ギラン監獄1F,ファウストの悪霊暴悪,チェーンメイル,エメラルド,ハルパスの執念,アデナ,ファウストの悪霊のイヤリング,記憶の破片,パワーグリップ,,,,,,,,,,,,,,,,,,,,,,,,,,,
ギラン監獄2F,看守長タロス,,,,,,,,,,,,,,,,,,,,,,,,,,,,,,,,,,
ギラン監獄2F,ファウスト,,,,,,,,,,,,,,,,,,,,,,,,,,,,,,,,,,
ギラン監獄2F,ファウストの悪霊悪辣,,,,,,,,,,,,,,,,,,,,,,,,,,,,,,,,,,
ギラン監獄2F,ファウストの悪霊残忍,,,,,,,,,,,,,,,,,,,,,,,,,,,,,,,,,,
ギラン監獄2F,ファウストの悪霊暴悪,,,,,,,,,,,,,,,,,,,,,,,,,,,,,,,,,,
ギラン監獄2F,ファウストの悪霊邪悪,ダーククロスボウ,エルヴンワッフル,エメラルド,ハルパスの執念,アデナ,ファウストの悪霊のイヤリング,記憶の破片,パワーグリップ,,,,,,,,,,,,,,,,,,,,,,,,,,
ギラン監獄2F,飢えた罪人黄,スケイルメイル,エメラルド,記憶の破片,ハルパスの執念,アデナ,,,,,,,,,,,,,,,,,,,,,,,,,,,,,
ギラン監獄2F,飢えた罪人赤,スケイルメイル,エメラルド,記憶の破片,ハルパスの執念,アデナ,,,,,,,,,,,,,,,,,,,,,,,,,,,,,
ギラン監獄3F,看守長タロス,,,,,,,,,,,,,,,,,,,,,,,,,,,,,,,,,,
ギラン監獄3F,飢えた罪人黄,,,,,,,,,,,,,,,,,,,,,,,,,,,,,,,,,,
ギラン監獄3F,飢えた罪人赤,,,,,,,,,,,,,,,,,,,,,,,,,,,,,,,,,,
ギラン監獄3F,貪欲な看守弓,ビショップグローブ,エメラルド,高級エメラルド,ハルパスの執念,アデナ,タロスのルビー,タロスのエメラルド,タロスのサファイア,タロスのダイアモンド,崩れた古代のアミュレット,記憶の破片,,,,,,,,,,,,,,,,,,,,,,,
ギラン監獄3F,貪欲な看守槍,ジェネラルアーマー,ジェネラルマント,エメラルド,高級エメラルド,ハルパスの執念,アデナ,タロスのルビー,タロスのエメラルド,タロスのサファイア,タロスのダイアモンド,崩れた古代のアミュレット,記憶の破片,,,,,,,,,,,,,,,,,,,,,,
ギラン監獄4F,看守長タロス,,,,,,,,,,,,,,,,,,,,,,,,,,,,,,,,,,
ギラン監獄4F,貪欲な看守弓,,,,,,,,,,,,,,,,,,,,,,,,,,,,,,,,,,
ギラン監獄4F,貪欲な看守槍,,,,,,,,,,,,,,,,,,,,,,,,,,,,,,,,,,
ギラン監獄4F,貪欲な看守剣,ジェネラルヘルム,ジェネラルシールド,グリーンポーション,ブレイブポーション,エメラルド,高級エメラルド,ハルパスの執念,アデナ,タロスのルビー,タロスのエメラルド,タロスのサファイア,タロスのダイアモンド,崩れた古代のアミュレット,記憶の破片,,,,,,,,,,,,,,,,,,,,
ギラン監獄4F,貪欲な看守魔法,ビショップサークレット,ビショップブーツ,ブルーポーション,防具強化スクロール,ブランクスクロールlv4,エメラルド,高級エメラルド,ハルパスの執念,アデナ,タロスのルビー,タロスのエメラルド,タロスのサファイア,タロスのダイアモンド,崩れた古代のアミュレット,記憶の破片,カウンターマジック,マナドレイン,フルヒール,マステレポート,アドバンスドスピリッツ,,,,,,,,,,,,,,
EC1F,汚れたファングス,オペイクポーション,エヴァの遺産,きのこの胞子液,ハルパスの執念,アデナ,,,,,,,,,,,,,,,,,,,,,,,,,,,,,
EC1F,ブロッブ,ブロッブの胃液,ハルパスの執念,,,,,,,,,,,,,,,,,,,,,,,,,,,,,,,,
EC1F,汚れたオーク,モーニングスター,ミスリルの原石,ハルパスの執念,アデナ,,,,,,,,,,,,,,,,,,,,,,,,,,,,,,
EC1F,汚れたオークアーチャー,ダーククロスボウ,エルヴンワッフル,ミスリルの原石,ハルパスの執念,アデナ,ドレスデクスタリティー,,,,,,,,,,,,,,,,,,,,,,,,,,,,
EC1F,汚れたオークファイター,グラディウス,ブレイブポーション,ミスリルの原石,ハルパスの執念,アデナ,ドレスマイティー,,,,,,,,,,,,,,,,,,,,,,,,,,,,
EC2F,酸性のブロッブ,武器強化スクロール,祝福された武器強化スクロール,防具強化スクロール,祝福された防具強化スクロール,ブロッブの胃液,ピュアエリクサー,ハルパスの執念,,,,,,,,,,,,,,,,,,,,,,,,,,,
EC2F,ブロッブ,,,,,,,,,,,,,,,,,,,,,,,,,,,,,,,,,,
EC2F,汚れたオークアックスマン,シルバーアックス,ミスリルの原石,ハルパスの執念,アデナ,ドレスマイティー,,,,,,,,,,,,,,,,,,,,,,,,,,,,,
EC2F,汚れたオークパイクマン,フォチャード,ミスリルの原石,ハルパスの執念,アデナ,,,,,,,,,,,,,,,,,,,,,,,,,,,,,,
EC2F,汚れたオークソードマン,ロングソード,スケイルメイル,ブレイブポーション,ミスリルの原石,ハルパスの執念,アデナ,,,,,,,,,,,,,,,,,,,,,,,,,,,,
EC2F,汚れたオークウィザード,メイジスタッフ,マジックプロテクションリング,ブルーポーション,ブランクスクロールlv3,ミスリルの原石,ハルパスの執念,アデナ,マグマアロー,,,,,,,,,,,,,,,,,,,,,,,,,,
EC2F,汚れたガースト,グローブ,グリーンポーション,ミスリルの原石,ハルパスの執念,アデナ,キャンセレーション,サモンモンスター,エンチャントベノム,ファンタズム,,,,,,,,,,,,,,,,,,,,,,,,,
EC2F,汚れたサクロプス,ルチェンハンマー,プレートメイル,ブレイブポーション,祝福された防具強化スクロール,ミスリルの原石,ハルパスの執念,アデナ,ウィークネス,サイレンス,,,,,,,,,,,,,,,,,,,,,,,,,
EC3F,酸性のブロッブ,,,,,,,,,,,,,,,,,,,,,,,,,,,,,,,,,,
EC3F,イーブンスター,武器強化スクロール,祝福された武器強化スクロール,防具強化スクロール,祝福された防具強化スクロール,ピュアエリクサー,ハルパスの執念,,,,,,,,,,,,,,,,,,,,,,,,,,,,
EC3F,火の精霊のガーディアン,ルビー,高級ルビー,ファアグリオの遺産,火の息吹,精霊の涙,ハルパスの執念,アデナ,力を失ったオリハルコンダガー,,,,,,,,,,,,,,,,,,,,,,,,,,
EC3F,水の精霊のガーディアン,サファイア,高級サファイア,エヴァの遺産,水の息吹,精霊の涙,ハルパスの執念,アデナ,力を失ったオリハルコンダガー,,,,,,,,,,,,,,,,,,,,,,,,,,
EC3F,風の精霊のガーディアン,エメラルド,高級エメラルド,サイハの遺産,風の息吹,精霊の涙,ハルパスの執念,アデナ,力を失ったオリハルコンダガー,,,,,,,,,,,,,,,,,,,,,,,,,,
EC3F,地の精霊のガーディアン,ダイアモンド,高級ダイアモンド,マーブルの遺産,大地の息吹,精霊の涙,ハルパスの執念,アデナ,力を失ったオリハルコンダガー,,,,,,,,,,,,,,,,,,,,,,,,,,
EC3F,闇の精霊のガーディアン,チェーンメイル,バンデッドメイル,プレートメイル,テレポートスクロール,祝福されたテレポートスクロール,ダイアモンド,高級ダイアモンド,エメラルド,高級エメラルド,サファイア,高級サファイア,ルビー,高級ルビー,闇精霊石,闇の息吹,精霊の涙,ハルパスの執念,アデナ,力を失ったオリハルコンダガー,,,,,,,,,,,,,,,
SKTC1F,ガーゴイル,武器強化スクロール,祝福された武器強化スクロール,防具強化スクロール,祝福された防具強化スクロール,イビルブラッド,黒い血痕,ハルパスの執念,,,,,,,,,,,,,,,,,,,,,,,,,,,
SKTC1F,ウェアウルフ,,,,,,,,,,,,,,,,,,,,,,,,,,,,,,,,,,
SKTC1F,ライカンスロープ,,,,,,,,,,,,,,,,,,,,,,,,,,,,,,,,,,
SKTC1F,リザードマン,,,,,,,,,,,,,,,,,,,,,,,,,,,,,,,,,,
SKTC1F,イビルゴーレム,チェーンメイル,ストーングローブ,ハルパスの執念,アデナ,ダイアゴーレム,力を失ったストーングローブ,,,,,,,,,,,,,,,,,,,,,,,,,,,,
SKTC2F,ガーゴイル,,,,,,,,,,,,,,,,,,,,,,,,,,,,,,,,,,
SKTC2F,イビルゴーレム,,,,,,,,,,,,,,,,,,,,,,,,,,,,,,,,,,
SKTC2F,ケルベロス,ソーサリースタッフ,イビルブラッド,ブレイブポーション,ウィズダムポーション,ルビー,高級ルビー,黒い血痕,ハルパスの執念,アデナ,イミューントゥハーム,,,,,,,,,,,,,,,,,,,,,,,,
SKTC2F,イビルバグベアー,スプリントメイル,グリーンポーション,防具強化スクロール,ルビー,高級ルビー,ハルパスの執念,アデナ,ウェポンブレイク,バーニングスピリッツ,,,,,,,,,,,,,,,,,,,,,,,,,
SKTC2F,イビルキングバグベアー,魔法のヘルム力,スプリントメイル,グリーンポーション,ブレイブポーション,防具強化スクロール,ハルパスの執念,アデナ,ウェポンブレイク,バーニングスピリッツ,,,,,,,,,,,,,,,,,,,,,,,,,
SKTC3F,ブラックナイトチーフ,,,,,,,,,,,,,,,,,,,,,,,,,,,,,,,,,,
SKTC3F,ガーゴイル,,,,,,,,,,,,,,,,,,,,,,,,,,,,,,,,,,
SKTC3F,インプウィザード,グリーンポーション,ブレイブポーション,ハルパスの執念,アデナ,,,,,,,,,,,,,,,,,,,,,,,,,,,,,,
SKTC3F,イビルキングバグベアー,,,,,,,,,,,,,,,,,,,,,,,,,,,,,,,,,,
SKTC3F,イビルブラックナイト,ハルバート,反逆者の盾,マイナーボディベルト,グリーンポーション,ブレイブポーション,防具強化スクロール,ハルパスの執念,アデナ,リダクションアーマー,バウンスアタック,力を失った反逆者の盾,,,,,,,,,,,,,,,,,,,,,,,
SKTC3F,漆黒のバグベアー,レッドナイトグレートソード,スプリントメイル,グリーンポーション,防具強化スクロール,ルビー,高級ルビー,最高級ルビー,ハルパスの執念,アデナ,ソウルクリスタルネクロマンサー,ウェポンブレイク,バーニングスピリッツ,,,,,,,,,,,,,,,,,,,,,,
SKTC3F,漆黒のケルベロス,ソーサリースタッフ,イビルブラッド,ウィズダムポーション,黒い血痕,ルビー,高級ルビー,最高級ルビー,ハルパスの執念,アデナ,ソウルクリスタルデスナイト,イミューントゥハーム,,,,,,,,,,,,,,,,,,,,,,,
SKTC4F,キメライド,シルバークロウ,祝福されたシルバークロウ,マナスタッフ,クリムゾンランス,クリスタルプレートメイル,機敏のブーツ,祝福された機敏のブーツ,武器強化スクロール,祝福された武器強化スクロール,防具強化スクロール,祝福された防具強化スクロール,ピュアエリクサー,ハルパスの執念,アデナ,力を失ったマナスタッフ,,,,,,,,,,,,,,,,,,,
SKTC4F,ガーゴイル,,,,,,,,,,,,,,,,,,,,,,,,,,,,,,,,,,
SKTC4F,エニュレティックボギー,レッドナイトグレートソード,スプリントメイル,グリーンポーション,防具強化スクロール,ハルパスの執念,アデナ,ソウルクリスタルネクロマンサー,ウェポンブレイク,バーニングスピリッツ,,,,,,,,,,,,,,,,,,,,,,,,,
SKTC4F,インプウィザード,,,,,,,,,,,,,,,,,,,,,,,,,,,,,,,,,,
SKTC4F,イビルブラックナイト,,,,,,,,,,,,,,,,,,,,,,,,,,,,,,,,,,
SKTC4F,漆黒のバグベアー,,,,,,,,,,,,,,,,,,,,,,,,,,,,,,,,,,
SKTC4F,漆黒のケルベロス,,,,,,,,,,,,,,,,,,,,,,,,,,,,,,,,,,
SKTC4F,漆黒のキングバグベアー,レッドナイトグレートソード,魔法のヘルム力,スプリントメイル,グリーンポーション,ブレイブポーション,防具強化スクロール,ルビー,高級ルビー,最高級ルビー,ハルパスの執念,アデナ,ソウルクリスタルデスナイト,ウェポンブレイク,バーニングスピリッツ,力を失ったロンドゥデュアルブレード,,,,,,,,,,,,,,,,,,,
MLC1F,オーク,,,,,,,,,,,,,,,,,,,,,,,,,,,,,,,,,,
MLC1F,オークアーチャー,,,,,,,,,,,,,,,,,,,,,,,,,,,,,,,,,,
MLC1F,ゾンビ,,,,,,,,,,,,,,,,,,,,,,,,,,,,,,,,,,
MLC1F,スケルトンアックス,モーニングスター,グリーンポーション,強化グリーンポーション,防具強化スクロール,魂の結晶体,ハルパスの執念,アデナ,ドレスマイティー,,,,,,,,,,,,,,,,,,,,,,,,,,
MLC1F,スケルトンパイク,フォチャード,グリーンポーション,強化グリーンポーション,防具強化スクロール,魂の結晶体,ハルパスの執念,アデナ,,,,,,,,,,,,,,,,,,,,,,,,,,,
MLC1F,スケルトンアーチャー,,,,,,,,,,,,,,,,,,,,,,,,,,,,,,,,,,
MLC1F,エルダー,,,,,,,,,,,,,,,,,,,,,,,,,,,,,,,,,,
MLC2F,ゾンビ,,,,,,,,,,,,,,,,,,,,,,,,,,,,,,,,,,
MLC2F,グール,,,,,,,,,,,,,,,,,,,,,,,,,,,,,,,,,,
MLC2F,スケルトンアックス,,,,,,,,,,,,,,,,,,,,,,,,,,,,,,,,,,
MLC2F,スケルトンパイク,,,,,,,,,,,,,,,,,,,,,,,,,,,,,,,,,,
MLC2F,スケルトンアーチャー,,,,,,,,,,,,,,,,,,,,,,,,,,,,,,,,,,
MLC2F,エルダー,,,,,,,,,,,,,,,,,,,,,,,,,,,,,,,,,,
MLC2F,イビルジャイアントスパイダー,,,,,,,,,,,,,,,,,,,,,,,,,,,,,,,,,,
MLC2F,イビルドレッドスパイダー,,,,,,,,,,,,,,,,,,,,,,,,,,,,,,,,,,
MLC3F,セマ,ソーサリースタッフ,セマの帽子,オリムのアミュレット,セマのリング,武器強化スクロール,祝福された武器強化スクロール,防具強化スクロール,祝福された防具強化スクロール,ブランクスクロールlv4,メイプルワンド,ピュアエリクサー,ハルパスの執念,アデナ,力を失ったデーモンスタッフ,力を失ったセマの帽子,力を失ったオリムのアミュレット,力を失ったセマのリング,,,,,,,,,,,,,,,,,
MLC3F,メルキオール,ソーサリースタッフ,メルキオールの帽子,武器強化スクロール,祝福された武器強化スクロール,防具強化スクロール,祝福された防具強化スクロール,ブランクスクロールlv4,メイプルワンド,ピュアエリクサー,ハルパスの執念,アデナ,力を失ったデーモンスタッフ,力を失ったメルキオールの帽子,,,,,,,,,,,,,,,,,,,,,
MLC3F,バルタザール,ソーサリースタッフ,バルタザールの帽子,武器強化スクロール,祝福された武器強化スクロール,防具強化スクロール,祝福された防具強化スクロール,ブランクスクロールlv5,メイプルワンド,ピュアエリクサー,ハルパスの執念,アデナ,力を失ったデーモンスタッフ,力を失ったバルタザールの帽子,,,,,,,,,,,,,,,,,,,,,
MLC3F,カスパー,ソーサリースタッフ,カスパーの帽子,知恵のブーツ,変身コントロールリング,武器強化スクロール,祝福された武器強化スクロール,防具強化スクロール,祝福された防具強化スクロール,ブランクスクロールlv4,メイプルワンド,ピュアエリクサー,ハルパスの執念,アデナ,ディケイポーション,力を失ったデーモンスタッフ,力を失ったカスパーの帽子,,,,,,,,,,,,,,,,,,
MLC3F,ゾンビ,,,,,,,,,,,,,,,,,,,,,,,,,,,,,,,,,,
MLC3F,グール,,,,,,,,,,,,,,,,,,,,,,,,,,,,,,,,,,
MLC3F,スケルトンアックス,,,,,,,,,,,,,,,,,,,,,,,,,,,,,,,,,,
MLC3F,スケルトンパイク,,,,,,,,,,,,,,,,,,,,,,,,,,,,,,,,,,
MLC3F,スケルトンアーチャー,,,,,,,,,,,,,,,,,,,,,,,,,,,,,,,,,,
MLC3F,イビルジャイアントスパイダー,,,,,,,,,,,,,,,,,,,,,,,,,,,,,,,,,,
MLC3F,イビルドレッドスパイダー,,,,,,,,,,,,,,,,,,,,,,,,,,,,,,,,,,
MLC3F,イビルゴーレム,,,,,,,,,,,,,,,,,,,,,,,,,,,,,,,,,,
MLC3F,イビルバグベアー,,,,,,,,,,,,,,,,,,,,,,,,,,,,,,,,,,
MLC4F,セマ,,,,,,,,,,,,,,,,,,,,,,,,,,,,,,,,,,
MLC4F,メルキオール,,,,,,,,,,,,,,,,,,,,,,,,,,,,,,,,,,
MLC4F,バルタザール,,,,,,,,,,,,,,,,,,,,,,,,,,,,,,,,,,
MLC4F,カスパー,,,,,,,,,,,,,,,,,,,,,,,,,,,,,,,,,,
MLC4F,ゾンビ,,,,,,,,,,,,,,,,,,,,,,,,,,,,,,,,,,
MLC4F,グール,,,,,,,,,,,,,,,,,,,,,,,,,,,,,,,,,,
MLC4F,イビルジャイアントスパイダー,,,,,,,,,,,,,,,,,,,,,,,,,,,,,,,,,,
MLC4F,イビルドレッドスパイダー,,,,,,,,,,,,,,,,,,,,,,,,,,,,,,,,,,
MLC4F,イビルバグベアー,,,,,,,,,,,,,,,,,,,,,,,,,,,,,,,,,,
MLC4F,ケルベロス,,,,,,,,,,,,,,,,,,,,,,,,,,,,,,,,,,
MLC4F,漆黒のスケルトンファイター,モーニングスター,アイアンアックス,グリーンポーション,強化グリーンポーション,防具強化スクロール,ルビー,高級ルビー,ハルパスの執念,アデナ,ソウルクリスタルネクロマンサー,,,,,,,,,,,,,,,,,,,,,,,,
MLC4F,漆黒のスケルトンアーチャー,ダーククロスボウ,破壊のロングボウ,グリーンポーション,強化グリーンポーション,エルヴンワッフル,防具強化スクロール,ルビー,高級ルビー,ハルパスの執念,アデナ,ソウルクリスタルネクロマンサー,ドレスデクスタリティー,力を失った破壊のロングボウ,,,,,,,,,,,,,,,,,,,,,
MLC4F,漆黒のスケルトンガード,フォチャード,グリーンポーション,強化グリーンポーション,防具強化スクロール,ルビー,高級ルビー,ハルパスの執念,アデナ,ソウルクリスタルネクロマンサー,,,,,,,,,,,,,,,,,,,,,,,,,
MLC4F,漆黒のクリッピングクロウ,ソーサリースタッフ,グローブ,ハルパスの執念,ソウルクリスタルデスナイト,,,,,,,,,,,,,,,,,,,,,,,,,,,,,,
MLC5F,デスナイト,ダイスダガー,デスナイトフレイムブレード,ロンドゥデュアルブレード,インビジビリティクローク,デスナイトヘルム,デスナイトアーマー,デスナイトグローブ,デスナイトブーツ,サモンコントロールリング,武器強化スクロール,祝福された武器強化スクロール,防具強化スクロール,祝福された防具強化スクロール,ピュアエリクサー,ハルパスの執念,アデナ,ショックスタン,リダクションアーマー,ソリッドキャリッジ,カウンターバリア,バウンスアタック,ディケイポーション,リザレクション,ホラーオブデス,タイタンブリッツ,力を失ったデスナイトフレイムブレード,力を失ったロンドゥデュアルブレード,力を失ったインビジビリティクローク,力を失ったデスナイトヘルム,力を失ったデスナイトアーマー,力を失ったデスナイトグローブ,力を失ったデスナイトブーツ,力を失ったカウンターバリア,力を失ったタイタンブリッツ
MLC5F,イビルジャイアントスパイダー,,,,,,,,,,,,,,,,,,,,,,,,,,,,,,,,,,
MLC5F,イビルドレッドスパイダー,,,,,,,,,,,,,,,,,,,,,,,,,,,,,,,,,,
MLC5F,ケルベロス,,,,,,,,,,,,,,,,,,,,,,,,,,,,,,,,,,
MLC5F,漆黒のスケルトンファイター,,,,,,,,,,,,,,,,,,,,,,,,,,,,,,,,,,
MLC5F,漆黒のスケルトンアーチャー,,,,,,,,,,,,,,,,,,,,,,,,,,,,,,,,,,
MLC5F,漆黒のスケルトンガード,,,,,,,,,,,,,,,,,,,,,,,,,,,,,,,,,,
MLC5F,漆黒のグール,呪われた武器強化スクロール,マーブルの遺産,ハルパスの執念,アデナ,ソウルクリスタルネクロマンサー,ベノムレジスト,,,,,,,,,,,,,,,,,,,,,,,,,,,,
MLC5F,漆黒のバグベアー,,,,,,,,,,,,,,,,,,,,,,,,,,,,,,,,,,
MLC5F,漆黒のクリッピングクロウ,,,,,,,,,,,,,,,,,,,,,,,,,,,,,,,,,,
MLC6F,デスナイト,,,,,,,,,,,,,,,,,,,,,,,,,,,,,,,,,,
MLC6F,ネクロマンサー,ソーサリースタッフ,大魔導師の帽子,サモンコントロールリング,武器強化スクロール,祝福された武器強化スクロール,防具強化スクロール,祝福された防具強化スクロール,メイプルワンド,ピュアエリクサー,ハルパスの執念,アデナ,ネクロマンサーのクリスタルボール,ダークネス,力を失ったブラックエルダーローブ,,,,,,,,,,,,,,,,,,,,
MLC6F,イビルドレッドスパイダー,,,,,,,,,,,,,,,,,,,,,,,,,,,,,,,,,,
MLC6F,漆黒のスケルトンファイター,,,,,,,,,,,,,,,,,,,,,,,,,,,,,,,,,,
MLC6F,漆黒のスケルトンアーチャー,,,,,,,,,,,,,,,,,,,,,,,,,,,,,,,,,,
MLC6F,漆黒のスケルトンガード,,,,,,,,,,,,,,,,,,,,,,,,,,,,,,,,,,
MLC6F,漆黒のグール,,,,,,,,,,,,,,,,,,,,,,,,,,,,,,,,,,
MLC6F,漆黒のジャイアントスパイダー,グリーンポーション,強化グリーンポーション,テレポートスクロール,祝福されたテレポートスクロール,エボニーワンド,マーブルの遺産,ハルパスの執念,アデナ,ソウルクリスタルデスナイト,イラプション,,,,,,,,,,,,,,,,,,,,,,,,
MLC6F,漆黒のバグベアー,,,,,,,,,,,,,,,,,,,,,,,,,,,,,,,,,,
MLC6F,漆黒のケルベロス,,,,,,,,,,,,,,,,,,,,,,,,,,,,,,,,,,
MLC6F,漆黒のクリッピングクロウ,,,,,,,,,,,,,,,,,,,,,,,,,,,,,,,,,,
MLC6F,漆黒のキングバグベアー,,,,,,,,,,,,,,,,,,,,,,,,,,,,,,,,,,
MLC7F,デスナイト,,,,,,,,,,,,,,,,,,,,,,,,,,,,,,,,,,
MLC7F,声なきノーク,グローブ,ハルパスの執念,ソウルクリスタルデスナイト,,,,,,,,,,,,,,,,,,,,,,,,,,,,,,,
MLC7F,クリッピングクロウ,,,,,,,,,,,,,,,,,,,,,,,,,,,,,,,,,,
MLC7F,漆黒のスケルトンファイター,,,,,,,,,,,,,,,,,,,,,,,,,,,,,,,,,,
MLC7F,漆黒のスケルトンアーチャー,,,,,,,,,,,,,,,,,,,,,,,,,,,,,,,,,,
MLC7F,漆黒のスケルトンガード,,,,,,,,,,,,,,,,,,,,,,,,,,,,,,,,,,
MLC7F,漆黒のグール,,,,,,,,,,,,,,,,,,,,,,,,,,,,,,,,,,
MLC7F,漆黒のジャイアントスパイダー,,,,,,,,,,,,,,,,,,,,,,,,,,,,,,,,,,
MLC7F,漆黒のバグベアー,,,,,,,,,,,,,,,,,,,,,,,,,,,,,,,,,,
MLC7F,漆黒のケルベロス,,,,,,,,,,,,,,,,,,,,,,,,,,,,,,,,,,
MLC7F,漆黒のクリッピングクロウ,,,,,,,,,,,,,,,,,,,,,,,,,,,,,,,,,,
MLC7F,漆黒のドレッドスパイダー,グリーンポーション,強化グリーンポーション,テレポートスクロール,祝福されたテレポートスクロール,防具強化スクロール,サンダルウッドワンド,マーブルの遺産,ハルパスの執念,アデナ,ソウルクリスタルデスナイト,テイミングモンスター,グレーターヘイスト,ベノムレジスト,,,,,,,,,,,,,,,,,,,,,
MLC7F,漆黒のキングバグベアー,,,,,,,,,,,,,,,,,,,,,,,,,,,,,,,,,,
DVC1F,ハイトロール,アイアンアックス,スプリントメイル,トロールベルト,グリーンポーション,ブレイブポーション,ハルパスの執念,アデナ,クリエイトゾンビ,キューブクエイク,,,,,,,,,,,,,,,,,,,,,,,,,
DVC1F,スケルトンファイター,モーニングスター,祝福されたマジッククローク,グリーンポーション,強化グリーンポーション,防具強化スクロール,ダイアモンド,高級ダイアモンド,ハルパスの執念,アデナ,,,,,,,,,,,,,,,,,,,,,,,,,
DVC1F,スケルトンマークスマン,ハンターボウ,破壊のロングボウ,祝福されたマジッククローク,グリーンポーション,強化グリーンポーション,エルヴンワッフル,防具強化スクロール,ダイアモンド,高級ダイアモンド,ハルパスの執念,アデナ,ドレスデクスタリティー,力を失った破壊のロングボウ,,,,,,,,,,,,,,,,,,,,,
DVC1F,スケルトンガード,フォチャード,祝福されたマジッククローク,グリーンポーション,強化グリーンポーション,防具強化スクロール,ダイアモンド,高級ダイアモンド,ハルパスの執念,アデナ,,,,,,,,,,,,,,,,,,,,,,,,,
DVC2F,ハイトロール,,,,,,,,,,,,,,,,,,,,,,,,,,,,,,,,,,
DVC2F,スケルトンファイター,,,,,,,,,,,,,,,,,,,,,,,,,,,,,,,,,,
DVC2F,スケルトンマークスマン,,,,,,,,,,,,,,,,,,,,,,,,,,,,,,,,,,
DVC2F,スケルトンガード,,,,,,,,,,,,,,,,,,,,,,,,,,,,,,,,,,
DVC2F,地竜の手下青,チェーンメイル,ダイアモンド,高級ダイアモンド,ハルパスの執念,アデナ,エンタングル,アイアンスキン,,,,,,,,,,,,,,,,,,,,,,,,,,,
DVC2F,地竜の手下赤,チェーンメイル,ダイアモンド,高級ダイアモンド,ハルパスの執念,アデナ,エンタングル,アイアンスキン,,,,,,,,,,,,,,,,,,,,,,,,,,,
DVC2F,ムリアン,変身スクロール,防具強化スクロール,ダイアモンド,高級ダイアモンド,ハルパスの執念,アデナ,アースバインド,キューブクエイク,力を失ったアースバインド,,,,,,,,,,,,,,,,,,,,,,,,,
DVC3F,地竜のガーディアン,グリーンドラゴンスケイルメイル,アースグローブ,腕力のブーツ,祝福された腕力のブーツ,魔法防御ゲートル,武器強化スクロール,祝福された武器強化スクロール,防具強化スクロール,祝福された防具強化スクロール,欠けたアースリング,ピュアエリクサー,ハルパスの執念,アデナ,アースガーディアン,アイアンスキン,覚醒アンタラス,力を失った魔法防御ゲートル,力を失った腕力のリング,,,,,,,,,,,,,,,,
DVC3F,ハイトロール,,,,,,,,,,,,,,,,,,,,,,,,,,,,,,,,,,
DVC3F,スケルトンファイター,,,,,,,,,,,,,,,,,,,,,,,,,,,,,,,,,,
DVC3F,スケルトンマークスマン,,,,,,,,,,,,,,,,,,,,,,,,,,,,,,,,,,
DVC3F,スケルトンガード,,,,,,,,,,,,,,,,,,,,,,,,,,,,,,,,,,
DVC3F,ムリアン,,,,,,,,,,,,,,,,,,,,,,,,,,,,,,,,,,
DVC4F,地竜のガーディアン,,,,,,,,,,,,,,,,,,,,,,,,,,,,,,,,,,
DVC4F,地竜のツーパーグ,グリーンドラゴンスケイルメイル,腕力のブーツ,祝福された腕力のブーツ,魔法防御ゲートル,祝福された武器強化スクロール,祝福された防具強化スクロール,欠けたアースリング,ピュアエリクサー,アースガーディアン,アイアンスキン,覚醒アンタラス,力を失った魔法防御ゲートル,,,,,,,,,,,,,,,,,,,,,,
DVC4F,ムリアン,,,,,,,,,,,,,,,,,,,,,,,,,,,,,,,,,,
DVC4F,地竜のスケルトンファイター,モーニングスター,アイアンアックス,アースグローブ,祝福されたマジッククローク,グリーンポーション,強化グリーンポーション,防具強化スクロール,ダイアモンド,高級ダイアモンド,最高級ダイアモンド,ハルパスの執念,アデナ,,,,,,,,,,,,,,,,,,,,,,
DVC4F,地竜のスケルトンマークスマン,ハンターボウ,破壊のロングボウ,祝福されたマジッククローク,グリーンポーション,強化グリーンポーション,エルヴンワッフル,防具強化スクロール,ダイアモンド,高級ダイアモンド,最高級ダイアモンド,ハルパスの執念,アデナ,ドレスデクスタリティー,力を失った破壊のロングボウ,,,,,,,,,,,,,,,,,,,,
DVC4F,地竜のスケルトンガード,フォチャード,アースグローブ,祝福されたマジッククローク,グリーンポーション,強化グリーンポーション,防具強化スクロール,ダイアモンド,高級ダイアモンド,最高級ダイアモンド,ハルパスの執念,アデナ,,,,,,,,,,,,,,,,,,,,,,,
DVC4F,地竜のサキュバス,魔法防御ゲートル,変身コントロールリング,イビルブラッド,ブルーポーション,黒い血痕,欠けたアースリング,ハルパスの執念,アデナ,キューブクエイク,力を失った魔法防御ゲートル,,,,,,,,,,,,,,,,,,,,,,,,
DVC5F,地竜のスケルトンファイター,,,,,,,,,,,,,,,,,,,,,,,,,,,,,,,,,,
DVC5F,地竜のスケルトンマークスマン,,,,,,,,,,,,,,,,,,,,,,,,,,,,,,,,,,
DVC5F,地竜のスケルトンガード,,,,,,,,,,,,,,,,,,,,,,,,,,,,,,,,,,
DVC5F,地竜のサキュバス,,,,,,,,,,,,,,,,,,,,,,,,,,,,,,,,,,
DVC5F,地竜のブルート,気迫のリング,ウィズダムポーション,武器強化スクロール,ブランクスクロールlv5,ダイアモンド,高級ダイアモンド,最高級ダイアモンド,マーブルの遺産,欠けたアースリング,ハルパスの執念,アデナ,フォグオブスリーピング,力を失った気迫のリング,,,,,,,,,,,,,,,,,,,,,
DVC5F,地竜のムリアン,腕力のリング,変身スクロール,防具強化スクロール,祝福された防具強化スクロール,ダイアモンド,高級ダイアモンド,最高級ダイアモンド,マーブルの遺産,ハルパスの執念,アデナ,アースバインド,キューブクエイク,力を失った腕力のリング,力を失ったアースバインド,,,,,,,,,,,,,,,,,,,,
DVC6F,アクモ,シルバーデュアルブレード,祝福されたシルバーデュアルブレード,アースグローブ,魔王のリング,武器強化スクロール,祝福された武器強化スクロール,防具強化スクロール,祝福された防具強化スクロール,欠けたアースリング,ピュアエリクサー,ハルパスの執念,アデナ,ディスインテグレート,力を失った魔王のリング,力を失ったディスインテグレート,,,,,,,,,,,,,,,,,,,
DVC6F,愛憎のボンドール,気迫のリング,ウィズダムポーション,武器強化スクロール,ブランクスクロールlv5,マーブルの遺産,欠けたアースリング,ハルパスの執念,アデナ,フォグオブスリーピング,力を失った気迫のリング,,,,,,,,,,,,,,,,,,,,,,,,
DVC6F,地竜のブルート,,,,,,,,,,,,,,,,,,,,,,,,,,,,,,,,,,
DVC6F,地竜のムリアン,,,,,,,,,,,,,,,,,,,,,,,,,,,,,,,,,,
DVC6F,地竜のキーパー,魔法防御ゲートル,ブレイブポーション,ダイアモンド,高級ダイアモンド,最高級ダイアモンド,欠けたアースリング,ハルパスの執念,アデナ,エキゾチックバイタライズ,覚醒アンタラス,力を失った魔法防御ゲートル,,,,,,,,,,,,,,,,,,,,,,,
DVC6F,地竜のサキュバスクイーン,魔法防御ゲートル,テレポートコントロールリング,イビルブラッド,ブルーポーション,黒い血痕,欠けたアースリング,ハルパスの執念,アデナ,キューブクエイク,力を失った魔法防御ゲートル,,,,,,,,,,,,,,,,,,,,,,,,
DVC6F,地竜のエリートソルジャー,アースグローブ,魔法防御ゲートル,ブレイブポーション,防具強化スクロール,ダイアモンド,高級ダイアモンド,最高級ダイアモンド,欠けたアースリング,ハルパスの執念,アデナ,アースガーディアン,覚醒アンタラス,力を失った魔法防御ゲートル,,,,,,,,,,,,,,,,,,,,,
DVC7F,恐怖のアンタラス,祝福されたツルギ,グリーンドラゴンスケイルメイル,祝福された地のマント,魔法防御ゲートル,祝福されたアースリング,武器強化スクロール,祝福された武器強化スクロール,防具強化スクロール,祝福された防具強化スクロール,グリーンハッチリンの卵,イエローハッチリンの卵,マーブルの遺産,封印された地竜の魔眼,祝福されたアンタラスの鱗,祝福されたアンタラスの骨,祝福されたアンタラスの欠けた爪,祝福されたアンタラスの血,祝福されたアンタラスの肉,祝福されたアンタラスの牙,祝福されたアンタラスの眼,祝福されたアンタラスの心臓,祝福された地竜の輝くルーンストーン,ハルパスの執念,ピュアエリクサー,祝福されたアースバインド,祝福されたアースクエイク,力を失ったアースバインド,,,,,,,
DVC7F,地竜のムリアン,,,,,,,,,,,,,,,,,,,,,,,,,,,,,,,,,,
DVC7F,地竜のエリートソルジャー,,,,,,,,,,,,,,,,,,,,,,,,,,,,,,,,,,
DVC7F,ユニドラゴン地,マーブルの遺産,グリーンドラゴンの鱗,グリーンハッチリンの卵,イエローハッチリンの卵,ハルパスの執念,アデナ,,,,,,,,,,,,,,,,,,,,,,,,,,,,
DVC7F,テラドラゴン地,マーブルの遺産,グリーンドラゴンの鱗,グリーンドラゴンの鱗,イエローハッチリンの卵,ハルパスの執念,アデナ,トルネード,,,,,,,,,,,,,,,,,,,,,,,,,,,
HC1F,イビルアリゲーター,エヴァの遺産,ハルパスの執念,アデナ,,,,,,,,,,,,,,,,,,,,,,,,,,,,,,,
HC1F,クラブマン,,,,,,,,,,,,,,,,,,,,,,,,,,,,,,,,,,
HC1F,トロッグ,ベクトコルパン,エヴァの遺産,ハルパスの執念,アデナ,,,,,,,,,,,,,,,,,,,,,,,,,,,,,,
HC1F,イビルリザードマン,グラディウス,スケイルメイル,ブレイブポーション,テレポートスクロール,祝福されたテレポートスクロール,ハルパスの執念,アデナ,シャドウファング,,,,,,,,,,,,,,,,,,,,,,,,,,
HC1F,バクーク,ダークグローブ,グリーンポーション,エヴァの遺産,ハルパスの執念,アデナ,,,,,,,,,,,,,,,,,,,,,,,,,,,,,
HC1F,ニュートリア,グリーンポーション,ハルパスの執念,,,,,,,,,,,,,,,,,,,,,,,,,,,,,,,,
HC1F,エヴァ王国の悪霊,ブルーポーション,亡者のメモ,ハルパスの執念,アデナ,リターントゥネイチャー,,,,,,,,,,,,,,,,,,,,,,,,,,,,,
DC2F,呪われたメデューサ,武器強化スクロール,祝福された武器強化スクロール,防具強化スクロール,祝福された防具強化スクロール,メデューサの目,ハルパスの執念,アデナ,ディジーズ,パニック,,,,,,,,,,,,,,,,,,,,,,,,,
DC2F,イビルアリゲーター,,,,,,,,,,,,,,,,,,,,,,,,,,,,,,,,,,
DC2F,クラブマン,,,,,,,,,,,,,,,,,,,,,,,,,,,,,,,,,,
DC2F,バクーク,,,,,,,,,,,,,,,,,,,,,,,,,,,,,,,,,,
DC2F,ニュートリア,,,,,,,,,,,,,,,,,,,,,,,,,,,,,,,,,,
DC2F,エヴァ王国の悪霊,,,,,,,,,,,,,,,,,,,,,,,,,,,,,,,,,,
DC2F,イビルラットマン,ルチェンハンマー,グリーンポーション,ハルパスの執念,アデナ,,,,,,,,,,,,,,,,,,,,,,,,,,,,,,
DC2F,イビルラミア緑,ソウルベルト,テレポートスクロール,祝福されたテレポートスクロール,武器強化スクロール,シャイニングスケイル,ハルパスの執念,アデナ,ウィークネス,,,,,,,,,,,,,,,,,,,,,,,,,,
DC3F,呪われた水の大精霊,武器強化スクロール,祝福された武器強化スクロール,防具強化スクロール,祝福された防具強化スクロール,生命の葉,水の精粋,ハルパスの執念,アデナ,ネイチャーズタッチ,ネイチャーズブレッシング,,,,,,,,,,,,,,,,,,,,,,,,
DC3F,リザードソードマン,,,,,,,,,,,,,,,,,,,,,,,,,,,,,,,,,,
DC3F,リザードウォリアー,,,,,,,,,,,,,,,,,,,,,,,,,,,,,,,,,,
DC3F,リザードウィザード,,,,,,,,,,,,,,,,,,,,,,,,,,,,,,,,,,
DC3F,イビルラットマン,,,,,,,,,,,,,,,,,,,,,,,,,,,,,,,,,,
DC3F,コーラルクラブマン,ブロンズプレートメイル,変身スクロール,防具強化スクロール,ハルパスの執念,アデナ,,,,,,,,,,,,,,,,,,,,,,,,,,,,,
DC3F,イビルラミア緑,,,,,,,,,,,,,,,,,,,,,,,,,,,,,,,,,,
HC4F,ジャイアントワーム,知恵のブーツ,祝福された知恵のブーツ,武器強化スクロール,祝福された武器強化スクロール,防具強化スクロール,祝福された防具強化スクロール,酸性の乳液,ピュアエリクサー,ハルパスの執念,アデナ,ウォーターライフ,アクアプロテクト,ポルートウォーター,ファイナルバーン,力を失ったドラゴンの心臓,力を失ったポルートウォーター,,,,,,,,,,,,,,,,,,
HC4F,水竜のガーディアン,海神のトライデント,ブルードラゴンスケイルメイル,ウォーターグローブ,クリスタルグローブ,武器強化スクロール,祝福された武器強化スクロール,防具強化スクロール,祝福された防具強化スクロール,欠けたウォーターリング,パプリオンの血痕,ピュアエリクサー,ハルパスの執念,アデナ,リターントゥネイチャー,力を失ったフォーススタッフ,,,,,,,,,,,,,,,,,,,
HC4F,カープ,ウォーターグローブ,ウォーターブーツ,武器強化スクロール,祝福された武器強化スクロール,防具強化スクロール,祝福された防具強化スクロール,ピュアエリクサー,ハルパスの執念,アデナ,イラプション,アバター,力を失ったフォーススタッフ,力を失った賢者のアミュレット,,,,,,,,,,,,,,,,,,,,,
HC4F,水竜のデーヴィ,海神のトライデント,ブルードラゴンスケイルメイル,クリスタルグローブ,武器強化スクロール,祝福された武器強化スクロール,防具強化スクロール,祝福された防具強化スクロール,欠けたウォーターリング,パプリオンの血痕,ピュアエリクサー,ハルパスの執念,リターントゥネイチャー,,,,,,,,,,,,,,,,,,,,,,
HC4F,シーラカンス,エヴァの遺産,ハルパスの執念,,,,,,,,,,,,,,,,,,,,,,,,,,,,,,,,
HC4F,マーメイド,マーメイドの鱗,ハルパスの執念,アデナ,,,,,,,,,,,,,,,,,,,,,,,,,,,,,,,
HC4F,アカレフ青,ブレイブポーション,エヴァの遺産,ハルパスの執念,,,,,,,,,,,,,,,,,,,,,,,,,,,,,,,
HC4F,アカレフ赤,ブレイブポーション,エヴァの遺産,ハルパスの執念,,,,,,,,,,,,,,,,,,,,,,,,,,,,,,,
HC4F,呪われた巫女サエル,サエルのリング,アデナ,,,,,,,,,,,,,,,,,,,,,,,,,,,,,,,,
HC4F,マーマン,ベクトコルパン,海神のトライデント,ウォーターグローブ,ブレイブポーション,ハルパスの執念,アデナ,,,,,,,,,,,,,,,,,,,,,,,,,,,,
HC4F,シーダンサー,ブルーポーション,ブランクスクロールlv4,サファイア,高級サファイア,最高級サファイア,ハルパスの執念,アデナ,ウォーターライフ,ネイチャーズタッチ,ネイチャーズブレッシング,力を失った賢者のアミュレット,,,,,,,,,,,,,,,,,,,,,,,
HC4F,シャーク,グリーンポーション,強化グリーンポーション,サファイア,高級サファイア,最高級サファイア,エヴァの遺産,ハルパスの執念,アデナ,グレーターヘイスト,,,,,,,,,,,,,,,,,,,,,,,,,
HC4F,アステ,ツーハンドソード,ブレイブポーション,ウィズダムポーション,サファイア,高級サファイア,最高級サファイア,ハルパスの執念,アデナ,ネイチャーズブレッシング,,,,,,,,,,,,,,,,,,,,,,,,,
HC4F,シータートルドラゴン,アビスリング,防具強化スクロール,ハルパスの執念,アデナ,アクアプロテクト,,,,,,,,,,,,,,,,,,,,,,,,,,,,,
HC4F,アロフォスメガ,シルバーロングソード,海神のトライデント,ウォーターグローブ,クリスタルグローブ,武器強化スクロール,サファイア,高級サファイア,最高級サファイア,欠けたウォーターリング,ハルパスの執念,アデナ,ポルートウォーター,力を失ったマナスタッフ,力を失ったポルートウォーター,,,,,,,,,,,,,,,,,,,,
HC4F,アロフォスビア,シルバーロングソード,海神のトライデント,ウォーターグローブ,クリスタルグローブ,武器強化スクロール,サファイア,高級サファイア,最高級サファイア,欠けたウォーターリング,ハルパスの執念,アデナ,ポルートウォーター,力を失ったマナスタッフ,力を失ったポルートウォーター,,,,,,,,,,,,,,,,,,,,
HC4F,イレッカドム,グリーンポーション,サファイア,高級サファイア,最高級サファイア,エヴァの遺産,ハルパスの執念,アデナ,ライトニングストーム,覚醒パプリオン,,,,,,,,,,,,,,,,,,,,,,,,,
HC4F,クラスタシアン,クリスタルショートソード,防具強化スクロール,サファイア,高級サファイア,最高級サファイア,ハルパスの執念,アデナ,覚醒パプリオン,,,,,,,,,,,,,,,,,,,,,,,,,,
HC4F,スケルトンイール,クリスタルショートソード,グリーンポーション,サファイア,高級サファイア,最高級サファイア,ハルパスの執念,アデナ,覚醒パプリオン,力を失ったフォーススタッフ,,,,,,,,,,,,,,,,,,,,,,,,,
HC4F,深海魚,クリスタルショートソード,ブロンズプレートメイル,ブルーポーション,ハルパスの執念,アデナ,覚醒パプリオン,,,,,,,,,,,,,,,,,,,,,,,,,,,,
パプリオンの洞窟,恐怖のパプリオン,祝福されたツルギ,ブルードラゴンスケイルメイル,祝福された水のマント,祝福されたウォーターリング,武器強化スクロール,祝福された武器強化スクロール,防具強化スクロール,祝福された防具強化スクロール,グリーンハッチリンの卵,イエローハッチリンの卵,エヴァの遺産,封印された水竜の魔眼,祝福されたパプリオンの鱗,祝福されたパプリオンの骨,祝福されたパプリオンの欠けた爪,祝福されたパプリオンの血,祝福されたパプリオンの肉,祝福されたパプリオンの牙,祝福されたパプリオンの眼,祝福されたパプリオンの心臓,祝福された水竜の輝くルーンストーン,ハルパスの執念,ピュアエリクサー,祝福されたネイチャーズブレッシング,祝福されたブリザード,,,,,,,,,
パプリオンの洞窟,ユニドラゴン水,ブルードラゴンの鱗,グリーンハッチリンの卵,イエローハッチリンの卵,ハルパスの執念,アデナ,,,,,,,,,,,,,,,,,,,,,,,,,,,,,
パプリオンの洞窟,テラドラゴン水,ブルードラゴンの鱗,グリーンハッチリンの卵,イエローハッチリンの卵,ハルパスの執念,アデナ,トルネード,,,,,,,,,,,,,,,,,,,,,,,,,,,,
象牙の塔4F,ミミック,イビルソード,イビルデュアルブレード,イビルクロウ,イビルクロスボウ,武器強化スクロール,祝福された武器強化スクロール,防具強化スクロール,祝福された防具強化スクロール,イビルブラッド,邪悪な活力,ハルパスの執念,アデナ,メテオストライク,力を失ったメテオストライク,,,,,,,,,,,,,,,,,,,,
象牙の塔4F,ペーパーマン,イビルブラッド,テレポートスクロール,祝福されたテレポートスクロール,変身スクロール,ブランクスクロールlv1,ブランクスクロールlv2,ブランクスクロールlv3,ブランクスクロールlv4,ブランクスクロールlv5,邪悪な活力,ハルパスの執念,アデナ,,,,,,,,,,,,,,,,,,,,,,
象牙の塔4F,リビングアーマー,イビルブラッド,黒い血痕,邪悪な活力,ハルパスの執念,アデナ,イミューントゥハーム,,,,,,,,,,,,,,,,,,,,,,,,,,,,
象牙の塔4F,ボールライトニング,イビルブラッド,ブルードラゴン,邪悪な活力,ハルパスの執念,アデナ,,,,,,,,,,,,,,,,,,,,,,,,,,,,,
象牙の塔4F,ストーンゴーレム,ストーングローブ,イビルブラッド,マーブルの遺産,邪悪な活力,ハルパスの執念,アデナ,ダイアゴーレム,力を失ったストーングローブ,,,,,,,,,,,,,,,,,,,,,,,,,,
象牙の塔4F,ダンシングソード,イビルブラッド,黒い血痕,邪悪な活力,ハルパスの執念,アデナ,,,,,,,,,,,,,,,,,,,,,,,,,,,,,
象牙の塔4F,象牙の塔のラミア紫,ソウルベルト,イビルブラッド,テレポートスクロール,祝福されたテレポートスクロール,武器強化スクロール,シャイニングスケイル,邪悪な活力,ハルパスの執念,アデナ,ウィークネス,,,,,,,,,,,,,,,,,,,,,,,,
象牙の塔4F,象牙の塔のエルダー,メイジスタッフ,変身コントロールリング,イビルブラッド,ブルーポーション,ブランクスクロールlv2,メイプルワンド,邪悪な活力,ハルパスの執念,アデナ,グレーターリザレクション,,,,,,,,,,,,,,,,,,,,,,,,
象牙の塔4F,象牙の塔のブラックエルダー,ソーサリースタッフ,変身コントロールリング,イビルブラッド,ウィズダムポーション,ブルーポーション,ブランクスクロールlv3,メイプルワンド,邪悪な活力,ハルパスの執念,アデナ,ソウルクリスタルダークウィザード,ソウルクリスタルハーディンの分身,グレーターリザレクション,,,,,,,,,,,,,,,,,,,,,
象牙の塔5F,ミミック,,,,,,,,,,,,,,,,,,,,,,,,,,,,,,,,,,
象牙の塔5F,ダークウィザード,イビルソード,イビルデュアルブレード,イビルクロウ,イビルクロスボウ,マジックプロテクションリング,武器強化スクロール,祝福された武器強化スクロール,防具強化スクロール,祝福された防具強化スクロール,イビルブラッド,ブランクスクロールlv4,邪悪な活力,ハルパスの執念,アデナ,,,,,,,,,,,,,,,,,,,,
象牙の塔5F,ゼラチンキューブ,イビルブラッド,ウィズダムポーション,邪悪な活力,ハルパスの執念,アデナ,,,,,,,,,,,,,,,,,,,,,,,,,,,,,
象牙の塔5F,リビングアーマー盾,イビルブラッド,黒い血痕,邪悪な活力,ハルパスの執念,アデナ,イミューントゥハーム,,,,,,,,,,,,,,,,,,,,,,,,,,,,
象牙の塔5F,ダンシングソード,,,,,,,,,,,,,,,,,,,,,,,,,,,,,,,,,,
象牙の塔5F,象牙の塔のアイアンゴーレム,イビルブラッド,マーブルの遺産,ランプメタル,鋼鉄の原石,邪悪な活力,ハルパスの執念,アデナ,ダイアゴーレム,,,,,,,,,,,,,,,,,,,,,,,,,,
象牙の塔5F,象牙の塔のキメラ,イビルブラッド,キメラの皮スネーク,キメラの皮ライオン,キメラの皮ヤギ,キメラの皮ドラゴン,邪悪な活力,ハルパスの執念,アデナ,エンチャントベノム,,,,,,,,,,,,,,,,,,,,,,,,,
象牙の塔5F,象牙の塔のラミア紫,,,,,,,,,,,,,,,,,,,,,,,,,,,,,,,,,,
象牙の塔5F,象牙の塔のエルダー,,,,,,,,,,,,,,,,,,,,,,,,,,,,,,,,,,
象牙の塔5F,象牙の塔のブラックエルダー,,,,,,,,,,,,,,,,,,,,,,,,,,,,,,,,,,
象牙の塔6F,デーモン,イビルソード,イビルデュアルブレード,イビルクロウ,イビルクロスボウ,リベンジソード,デーモンアックス,ヘイトリッドクロウ,デーモンヘルム,デーモンアーマー,デーモングローブ,デーモンブーツ,武器強化スクロール,祝福された武器強化スクロール,防具強化スクロール,祝福された防具強化スクロール,イビルブラッド,黒い血痕,ブラックミスリルの原石,ブラッドクリスタルの欠片,デーモンの魂,魔力を失ったデーモンスタッフ,ピュアエリクサー,邪悪な活力,アデナ,メテオストライク,ホラーオブデス,力を失ったデーモンスタッフ,力を失ったメテオストライク,,,,,,
象牙の塔6F,ハーディンの分身,イビルソード,イビルデュアルブレード,イビルクロウ,イビルクロスボウ,武器強化スクロール,祝福された武器強化スクロール,防具強化スクロール,祝福された防具強化スクロール,イビルブラッド,ピュアエリクサー,邪悪な活力,ハルパスの執念,アデナ,ダークネス,,,,,,,,,,,,,,,,,,,,
象牙の塔6F,ミミック,,,,,,,,,,,,,,,,,,,,,,,,,,,,,,,,,,
象牙の塔6F,ダークウィザード,,,,,,,,,,,,,,,,,,,,,,,,,,,,,,,,,,
象牙の塔6F,シルエット,イビルブラッド,邪悪な活力,ハルパスの執念,アデナ,ソウルクリスタルダークウィザード,ソウルクリスタルハーディンの分身,ダークネス,,,,,,,,,,,,,,,,,,,,,,,,,,,
象牙の塔6F,象牙の塔のゴースト,イビルブラッド,防具強化スクロール,邪悪な活力,ハルパスの執念,アデナ,ソウルクリスタルダークウィザード,ソウルクリスタルハーディンの分身,,,,,,,,,,,,,,,,,,,,,,,,,,,
象牙の塔6F,象牙の塔のディアンガス,イビルブラッド,黒い血痕,ブラックミスリルの原石,ブラッドクリスタルの欠片,邪悪な活力,アデナ,ソウルクリスタルダークウィザード,ソウルクリスタルハーディンの分身,ソウルクリスタルデーモン,,,,,,,,,,,,,,,,,,,,,,,,,
象牙の塔6F,ベレスの分身,イビルブラッド,黒い血痕,ブラックミスリルの原石,ブラッドクリスタルの欠片,邪悪な活力,アデナ,ソウルクリスタルダークウィザード,ソウルクリスタルハーディンの分身,ソウルクリスタルデーモン,,,,,,,,,,,,,,,,,,,,,,,,,
象牙の塔7F,デーモン,,,,,,,,,,,,,,,,,,,,,,,,,,,,,,,,,,
象牙の塔7F,ハーディンの分身,,,,,,,,,,,,,,,,,,,,,,,,,,,,,,,,,,
象牙の塔7F,ミミック,,,,,,,,,,,,,,,,,,,,,,,,,,,,,,,,,,
象牙の塔7F,バルログの追従者,イビルブラッド,黒い血痕,ブラックミスリルの原石,ブラッドクリスタルの欠片,邪悪な活力,アデナ,ソウルクリスタルダークウィザード,ソウルクリスタルハーディンの分身,ソウルクリスタルデーモン,,,,,,,,,,,,,,,,,,,,,,,,,
象牙の塔7F,象牙の塔のレッサーデーモン,デーモンアックス,イビルブラッド,黒い血痕,ブラックミスリルの原石,ブラッドクリスタルの欠片,邪悪な活力,アデナ,ソウルクリスタルダークウィザード,ソウルクリスタルハーディンの分身,ソウルクリスタルデーモン,,,,,,,,,,,,,,,,,,,,,,,,
象牙の塔8F,デーモン,,,,,,,,,,,,,,,,,,,,,,,,,,,,,,,,,,
象牙の塔8F,ハーディンの分身,,,,,,,,,,,,,,,,,,,,,,,,,,,,,,,,,,
象牙の塔8F,ミミック,,,,,,,,,,,,,,,,,,,,,,,,,,,,,,,,,,
象牙の塔8F,バルログの追従者,,,,,,,,,,,,,,,,,,,,,,,,,,,,,,,,,,
象牙の塔8F,象牙の塔のレッサーデーモン,,,,,,,,,,,,,,,,,,,,,,,,,,,,,,,,,,
象牙の塔8F,象牙の塔のパーサズ,イビルブラッド,黒い血痕,ブラックミスリルの原石,ブラッドクリスタルの欠片,邪悪な活力,アデナ,ソウルクリスタルダークウィザード,ソウルクリスタルハーディンの分身,ソウルクリスタルデーモン,,,,,,,,,,,,,,,,,,,,,,,,,
象牙の塔8F,象牙の塔のガーゴイル,イビルブラッド,黒い血痕,ブラックミスリルの原石,ブラッドクリスタルの欠片,邪悪な活力,アデナ,ソウルクリスタルダークウィザード,ソウルクリスタルハーディンの分身,ソウルクリスタルデーモン,,,,,,,,,,,,,,,,,,,,,,,,,
象牙の塔8F,ベレスの分身,,,,,,,,,,,,,,,,,,,,,,,,,,,,,,,,,,
象牙の塔8F,バフォメットの分身,イビルブラッド,黒い血痕,ブラックミスリルの原石,ブラッドクリスタルの欠片,邪悪な活力,アデナ,ソウルクリスタルダークウィザード,ソウルクリスタルハーディンの分身,ソウルクリスタルデーモン,力を失ったバフォメットスタッフ,,,,,,,,,,,,,,,,,,,,,,,,
象牙の塔8F,デーモンの分身,デーモンアックス,イビルブラッド,黒い血痕,ブラックミスリルの原石,ブラッドクリスタルの欠片,邪悪な活力,アデナ,ソウルクリスタルダークウィザード,ソウルクリスタルハーディンの分身,ソウルクリスタルデーモン,,,,,,,,,,,,,,,,,,,,,,,,
象牙の塔8F,バルログの分身,イビルブラッド,黒い血痕,ブラックミスリルの原石,ブラッドクリスタルの欠片,邪悪な活力,アデナ,ソウルクリスタルダークウィザード,ソウルクリスタルハーディンの分身,ソウルクリスタルデーモン,,,,,,,,,,,,,,,,,,,,,,,,,
